mu,m_neg_3,m_neg_2,m_neg_1,m_0,m_1,m_2,m_3
0,2.79999889815087,1.79999889815087,0.799998898150867,0,1.20000110184913,2.20000110184913,3.20000110184913
0.00333889816360601,2.7999932476247,1.7999932476247,0.799993247624702,0,1.2000067523753,2.2000067523753,3.2000067523753
0.00667779632721202,2.79997616395304,1.79997616395304,0.799976163953037,0,1.20002383604696,2.20002383604696,3.20002383604696
0.010016694490818,2.79994765350175,1.79994765350175,0.799947653501752,0,1.20005234649825,2.20005234649825,3.20005234649825
0.013355592654424,2.79990772091655,1.79990772091655,0.799907720916546,0,1.20009227908345,2.20009227908345,3.20009227908345
0.01669449081803,2.79985637617315,1.79985637617315,0.799856376173145,0,1.20014362382685,2.20014362382685,3.20014362382685
0.0200333889816361,2.79979363216693,1.79979363216694,0.799793632166935,0,1.20020636783306,2.20020636783307,3.20020636783307
0.0233722871452421,2.79971950469095,1.79971950469095,0.799719504690946,0,1.20028049530905,2.20028049530905,3.20028049530905
0.0267111853088481,2.79963401240938,1.79963401240938,0.79963401240938,0,1.20036598759062,2.20036598759062,3.20036598759062
0.0300500834724541,2.79953717682612,1.79953717682612,0.799537176826121,0,1.20046282317388,2.20046282317388,3.20046282317388
0.0333889816360601,2.79942902224748,1.79942902224748,0.799429022247485,0,1.20057097775252,2.20057097775252,3.20057097775252
0.0367278797996661,2.79930957573828,1.79930957573828,0.799309575738283,0,1.20069042426172,2.20069042426172,3.20069042426172
0.0400667779632721,2.7991788917588,1.7991788917588,0.799178891758797,0,1.2008211082412,2.2008211082412,3.2008211082412
0.0434056761268781,2.79903697857533,1.79903697857533,0.79903697857533,0,1.20096302142467,2.20096302142467,3.20096302142467
0.0467445742904841,2.7988839293066,1.7988839293066,0.798883929306596,0,1.2011160706934,2.2011160706934,3.2011160706934
0.0500834724540902,2.79871976929431,1.79871976929431,0.798719769294312,0,1.20128023070569,2.20128023070569,3.20128023070569
0.0534223706176962,2.79854451625986,1.79854451625986,0.798544516259855,0,1.20145548374014,2.20145548374014,3.20145548374014
0.0567612687813022,2.79835821646165,1.79835821646165,0.798358216461648,0,1.20164178353835,2.20164178353835,3.20164178353835
0.0601001669449082,2.79816091821821,1.79816091821821,0.798160918218208,0,1.20183908178179,2.20183908178179,3.20183908178179
0.0634390651085142,2.79795267259997,1.79795267259997,0.797952672599968,0,1.20204732740003,2.20204732740003,3.20204732740003
0.0667779632721202,2.79773353340036,1.79773353340036,0.797733533400365,0,1.20226646659964,2.20226646659964,3.20226646659964
0.0701168614357262,2.79750355162105,1.79750355162105,0.797503551621055,0,1.20249644837895,2.20249644837895,3.20249644837895
0.0734557595993322,2.7972627118451,1.7972627118451,0.797262711845102,0,1.2027372881549,2.2027372881549,3.2027372881549
0.0767946577629382,2.79701108438785,1.79701108438785,0.79701108438785,0,1.20298891561215,2.20298891561215,3.20298891561215
0.0801335559265442,2.7967487851215,1.7967487851215,0.796748785121495,0,1.2032512148785,2.2032512148785,3.2032512148785
0.0834724540901502,2.79647588021904,1.79647588021904,0.796475880219043,0,1.20352411978096,2.20352411978096,3.20352411978096
0.0868113522537563,2.79619243835971,1.79619243835971,0.796192438359708,0,1.20380756164029,2.20380756164029,3.20380756164029
0.0901502504173623,2.79589853069283,1.79589853069283,0.795898530692834,0,1.20410146930717,2.20410146930717,3.20410146930717
0.0934891485809683,2.79559423080113,1.79559423080113,0.795594230801129,0,1.20440576919887,2.20440576919887,3.20440576919887
0.0968280467445743,2.79527961466332,1.79527961466332,0.79527961466332,0,1.20472038533668,2.20472038533668,3.20472038533668
0.10016694490818,2.79495476061629,1.79495476061629,0.794954760616287,0,1.20504523938371,2.20504523938371,3.20504523938371
0.103505843071786,2.79461974931679,1.79461974931679,0.794619749316788,0,1.20538025068321,2.20538025068321,3.20538025068321
0.106844741235392,2.79427457136019,1.79427457136019,0.794274571360193,0,1.20572542863981,2.20572542863981,3.20572542863981
0.110183639398998,2.79391935154638,1.79391935154638,0.793919351546384,0,1.20608064845362,2.20608064845362,3.20608064845362
0.113522537562604,2.79355421304229,1.79355421304229,0.793554213042294,0,1.20644578695771,2.20644578695771,3.20644578695771
0.11686143572621,2.7931792445671,1.7931792445671,0.793179244567104,0,1.2068207554329,2.2068207554329,3.2068207554329
0.120200333889816,2.79279453695122,1.79279453695122,0.792794536951222,0,1.20720546304878,2.20720546304878,3.20720546304878
0.123539232053422,2.79240018309869,1.79240018309869,0.792400183098691,0,1.20759981690131,2.20759981690131,3.20759981690131
0.126878130217028,2.79199627794983,1.79199627794983,0.791996277949828,0,1.20800372205017,2.20800372205017,3.20800372205017
0.130217028380634,2.79158291844417,1.79158291844417,0.791582918444173,0,1.20841708155583,2.20841708155583,3.20841708155583
0.13355592654424,2.79116020348381,1.79116020348381,0.79116020348381,0,1.20883979651619,2.20883979651619,3.20883979651619
0.136894824707846,2.79073380439982,1.79073380439982,0.790733804399815,0,1.20926619560018,2.20926619560018,3.20926619560018
0.140233722871452,2.79029335936775,1.79029335936775,0.79029335936775,0,1.20970664063225,2.20970664063225,3.20970664063225
0.143572621035058,2.78984390975946,1.78984390975946,0.789843909759458,0,1.21015609024054,2.21015609024054,3.21015609024054
0.146911519198664,2.78938556326219,1.78938556326219,0.789385563262195,0,1.21061443673781,2.21061443673781,3.21061443673781
0.15025041736227,2.78891842934426,1.78891842934426,0.788918429344258,0,1.21108157065574,2.21108157065574,3.21108157065574
0.153589315525876,2.78844261922037,1.78844261922037,0.788442619220374,0,1.21155738077963,2.21155738077963,3.21155738077963
0.156928213689482,2.78795824581795,1.78795824581795,0.787958245817945,0,1.21204175418205,2.21204175418205,3.21204175418205
0.160267111853088,2.78746542374423,1.78746542374423,0.787465423744226,0,1.21253457625577,2.21253457625577,3.21253457625577
0.163606010016695,2.78696426925447,1.78696426925447,0.786964269254465,0,1.21303573074553,2.21303573074553,3.21303573074553
0.1669449081803,2.7864549002211,1.7864549002211,0.786454900221103,0,1.2135450997789,2.2135450997789,3.2135450997789
0.170283806343907,2.78593743610406,1.78593743610406,0.785937436104057,0,1.21406256389594,2.21406256389594,3.21406256389594
0.173622704507513,2.78541199792215,1.78541199792215,0.785411997922154,0,1.21458800207785,2.21458800207785,3.21458800207785
0.176961602671119,2.78487870822576,1.78487870822576,0.784878708225765,0,1.21512129177424,2.21512129177424,3.21512129177424
0.180300500834725,2.78433769107068,1.78433769107068,0.784337691070684,0,1.21566230892932,2.21566230892932,3.21566230892932
0.183639398998331,2.78378907199329,1.78378907199329,0.783789071993294,0,1.21621092800671,2.21621092800671,3.21621092800671
0.186978297161937,2.78323297798707,1.78323297798707,0.783232977987072,0,1.21676702201293,2.21676702201293,3.21676702201293
0.190317195325543,2.78266953748046,1.78266953748046,0.782669537480459,0,1.21733046251954,2.21733046251954,3.21733046251954
0.193656093489149,2.78209888031615,1.78209888031615,0.782098880316147,0,1.21790111968385,2.21790111968385,3.21790111968385
0.196994991652755,2.7815211377318,1.7815211377318,0.781521137731804,0,1.2184788622682,2.2184788622682,3.2184788622682
0.200333889816361,2.78093644234228,1.78093644234228,0.780936442342279,0,1.21906355765772,2.21906355765772,3.21906355765772
0.203672787979967,2.78034492812331,1.78034492812331,0.780344928123313,0,1.21965507187669,2.21965507187669,3.21965507187669
0.207011686143573,2.77974673039678,1.77974673039678,0.779746730396777,0,1.22025326960322,2.22025326960322,3.22025326960322
0.210350584307179,2.77914198581747,1.77914198581747,0.779141985817473,0,1.22085801418253,2.22085801418253,3.22085801418253
0.213689482470785,2.77853083236152,1.77853083236152,0.778530832361517,0,1.22146916763848,2.22146916763848,3.22146916763848
0.217028380634391,2.77791340931632,1.77791340931632,0.777913409316315,0,1.22208659068368,2.22208659068368,3.22208659068368
0.220367278797997,2.77728985727216,1.77728985727216,0.777289857272164,0,1.22271014272784,2.22271014272784,3.22271014272784
0.223706176961603,2.77666031811548,1.77666031811548,0.776660318115479,0,1.22333968188452,2.22333968188452,3.22333968188452
0.227045075125209,2.77602493704684,1.77602493704684,0.776024937046836,0,1.22397506295316,2.22397506295316,3.22397506295316
0.230383973288815,2.77538385715246,1.77538385715246,0.775383857152457,0,1.22461614284754,2.22461614284754,3.22461614284754
0.233722871452421,2.77473722383585,1.77473722383585,0.774737223835847,0,1.22526277616415,2.22526277616415,3.22526277616415
0.237061769616027,2.77408518413807,1.77408518413807,0.774085184138069,0,1.22591481586193,2.22591481586193,3.22591481586193
0.240400667779633,2.77342788638627,1.77342788638627,0.773427886386266,0,1.22657211361373,2.22657211361373,3.22657211361373
0.243739565943239,2.77276548019687,1.77276548019687,0.772765480196869,0,1.22723451980313,2.22723451980313,3.22723451980313
0.247078464106845,2.77209801868728,1.77209801868728,0.772098018687278,0,1.22790198131272,2.22790198131272,3.22790198131272
0.250417362270451,2.77142573359706,1.77142573359706,0.771425733597056,0,1.22857426640294,2.22857426640294,3.22857426640294
0.253756260434057,2.77074884639864,1.77074884639864,0.770748846398636,0,1.22925115360136,2.22925115360136,3.22925115360136
0.257095158597663,2.77006748909268,1.77006748909268,0.770067489092683,0,1.22993251090732,2.22993251090732,3.22993251090732
0.260434056761269,2.76938181540626,1.76938181540626,0.769381815406261,0,1.23061818459374,2.23061818459374,3.23061818459374
0.263772954924875,2.76869198139796,1.76869198139796,0.768691981397963,0,1.23130801860204,2.23130801860204,3.23130801860204
0.267111853088481,2.76799814454512,1.76799814454512,0.767998144545118,0,1.23200185545488,2.23200185545488,3.23200185545488
0.270450751252087,2.76730046374584,1.76730046374584,0.767300463745843,0,1.23269953625416,2.23269953625416,3.23269953625416
0.273789649415693,2.76659909932443,1.76659909932443,0.766599099324433,0,1.23340090067557,2.23340090067557,3.23340090067557
0.277128547579299,2.76589419472774,1.76589419472774,0.765894194727742,0,1.23410580527226,2.23410580527226,3.23410580527226
0.280467445742905,2.76518590596817,1.76518590596817,0.765185905968169,0,1.23481409403183,2.23481409403183,3.23481409403183
0.283806343906511,2.76447443097789,1.76447443097789,0.764474430977888,0,1.23552556902211,2.23552556902211,3.23552556902211
0.287145242070117,2.76375994362288,1.76375994362288,0.76375994362288,0,1.23624005637712,2.23624005637712,3.23624005637712
0.290484140233723,2.76304261012765,1.76304261012765,0.76304261012765,0,1.23695738987235,2.23695738987235,3.23695738987235
0.293823038397329,2.76232259814385,1.76232259814385,0.76232259814385,0,1.23767740185615,2.23767740185615,3.23767740185615
0.297161936560935,2.76160007676942,1.76160007676942,0.761600076769416,0,1.23839992323058,2.23839992323058,3.23839992323058
0.300500834724541,2.76087521909277,1.76087521909277,0.760875219092771,0,1.23912478090723,2.23912478090723,3.23912478090723
0.303839732888147,2.76014816631408,1.76014816631408,0.760148166314083,0,1.23985183368592,2.23985183368592,3.23985183368592
0.307178631051753,2.75941909123318,1.75941909123318,0.759419091233185,0,1.24058090876682,2.24058090876682,3.24058090876682
0.310517529215359,2.75868817437841,1.75868817437841,0.758688174378407,0,1.24131182562159,2.24131182562159,3.24131182562159
0.313856427378965,2.75795558779668,1.75795558779668,0.757955587796676,0,1.24204441220332,2.24204441220332,3.24204441220332
0.317195325542571,2.7572215047137,1.7572215047137,0.7572215047137,0,1.2427784952863,2.2427784952863,3.2427784952863
0.320534223706177,2.75648609956305,1.75648609956305,0.75648609956305,0,1.24351390043695,2.24351390043695,3.24351390043695
0.323873121869783,2.75574954802766,1.75574954802766,0.755749548027658,0,1.24425045197234,2.24425045197234,3.24425045197234
0.327212020033389,2.75501202709291,1.75501202709291,0.755012027092915,0,1.24498797290709,2.24498797290709,3.24498797290709
0.330550918196995,2.7542737151108,1.7542737151108,0.7542737151108,0,1.2457262848892,2.2457262848892,3.2457262848892
0.333889816360601,2.75353479187446,1.75353479187446,0.753534791874457,0,1.24646520812554,2.24646520812554,3.24646520812554
0.337228714524207,2.75279543870273,1.75279543870273,0.752795438702735,0,1.24720456129727,2.24720456129727,3.24720456129727
0.340567612687813,2.75205583853417,1.75205583853417,0.752055838534168,0,1.24794416146583,2.24794416146583,3.24794416146583
0.343906510851419,2.75131577548677,1.75131577548677,0.751315775486775,0,1.24868422451323,2.24868422451323,3.24868422451323
0.347245409015025,2.75057567623652,1.75057567623652,0.750575676236523,0,1.24942432376348,2.24942432376348,3.24942432376348
0.350584307178631,2.74983576648697,1.74983576648697,0.749835766486973,0,1.25016423351303,2.25016423351303,3.25016423351303
0.353923205342237,2.74909622079716,1.74909622079716,0.74909622079716,0,1.25090377920284,2.25090377920284,3.25090377920284
0.357262103505843,2.74835721591118,1.74835721591118,0.748357215911177,0,1.25164278408882,2.25164278408882,3.25164278408882
0.360601001669449,2.74761893109478,1.74761893109479,0.747618931094785,0,1.25238106890521,2.25238106890522,3.25238106890522
0.363939899833055,2.74688154848399,1.74688154848399,0.74688154848399,0,1.25311845151601,2.25311845151601,3.25311845151601
0.367278797996661,2.74614525344268,1.74614525344269,0.746145253442685,0,1.25385474655731,2.25385474655732,3.25385474655732
0.370617696160267,2.74542772752874,1.74542772752874,0.745427727528741,0,1.25457227247126,2.25457227247126,3.25457227247126
0.373956594323873,2.74470100543531,1.74470100543531,0.744701005435313,0,1.25529899456469,2.25529899456469,3.25529899456469
0.377295492487479,2.7439739209982,1.7439739209982,0.743973920998201,0,1.2560260790018,2.2560260790018,3.2560260790018
0.380634390651085,2.74324908308889,1.74324908308889,0.74324908308889,0,1.25675091691111,2.25675091691111,3.25675091691111
0.383973288814691,2.74252753131942,1.74252753131942,0.74252753131942,0,1.25747246868058,2.25747246868058,3.25747246868058
0.387312186978297,2.74180951155502,1.74180951155502,0.741809511555022,0,1.25819048844498,2.25819048844498,3.25819048844498
0.390651085141903,2.74109463014747,1.74109463014747,0.741094630147474,0,1.25890536985253,2.25890536985253,3.25890536985253
0.393989983305509,2.74038312242555,1.74038312242555,0.740383122425547,0,1.25961687757445,2.25961687757445,3.25961687757445
0.397328881469115,2.73967522658696,1.73967522658696,0.739675226586958,0,1.26032477341304,2.26032477341304,3.26032477341304
0.400667779632721,2.73897118373018,1.73897118373018,0.738971183730184,0,1.26102881626982,2.26102881626982,3.26102881626982
0.404006677796327,2.73827123788444,1.73827123788444,0.738271237884444,0,1.26172876211556,2.26172876211556,3.26172876211556
0.407345575959933,2.73757563603805,1.73757563603805,0.73757563603805,0,1.26242436396195,2.26242436396195,3.26242436396195
0.410684474123539,2.73688462816541,1.73688462816541,0.736884628165411,0,1.26311537183459,2.26311537183459,3.26311537183459
0.414023372287145,2.73619846725295,1.73619846725295,0.736198467252947,0,1.26380153274705,2.26380153274705,3.26380153274705
0.417362270450751,2.73551754998938,1.73551754998938,0.735517549989378,0,1.26448245001062,2.26448245001062,3.26448245001062
0.420701168614357,2.73484197165473,1.73484197165473,0.734841971654733,0,1.26515802834527,2.26515802834527,3.26515802834527
0.424040066777963,2.73417197966776,1.73417197966776,0.734171979667763,0,1.26582802033224,2.26582802033224,3.26582802033224
0.427378964941569,2.73350782483315,1.73350782483315,0.73350782483315,0,1.26649217516685,2.26649217516685,3.26649217516685
0.430717863105175,2.73284975827501,1.73284975827501,0.732849758275007,0,1.26715024172499,2.26715024172499,3.26715024172499
0.434056761268781,2.73219803139854,1.73219803139854,0.732198031398544,0,1.26780196860146,2.26780196860146,3.26780196860146
0.437395659432387,2.73155289596249,1.73155289596249,0.73155289596249,0,1.26844710403751,2.26844710403751,3.26844710403751
0.440734557595993,2.73091460426426,1.73091460426426,0.730914604264264,0,1.26908539573574,2.26908539573574,3.26908539573574
0.444073455759599,2.73028340943614,1.73028340943614,0.730283409436137,0,1.26971659056386,2.26971659056386,3.26971659056386
0.447412353923205,2.72965956584722,1.72965956584722,0.729659565847218,0,1.27034043415278,2.27034043415278,3.27034043415278
0.450751252086811,2.72904332960305,1.72904332960306,0.729043329603055,0,1.27095667039694,2.27095667039695,3.27095667039695
0.454090150250417,2.72843495913199,1.72843495913199,0.728434959131992,0,1.27156504086801,2.27156504086801,3.27156504086801
0.457429048414023,2.72783471584523,1.72783471584523,0.727834715845233,0,1.27216528415477,2.27216528415477,3.27216528415477
0.460767946577629,2.7272428648558,1.7272428648558,0.727242864855804,0,1.2727571351442,2.2727571351442,3.2727571351442
0.464106844741235,2.72665967574029,1.72665967574029,0.72665967574029,0,1.27334032425971,2.27334032425971,3.27334032425971
0.467445742904841,2.72608542332635,1.72608542332635,0.726085423326352,0,1.27391457667365,2.27391457667365,3.27391457667365
0.470784641068447,2.7255203884886,1.7255203884886,0.725520388488598,0,1.2744796115114,2.2744796115114,3.2744796115114
0.474123539232053,2.72496485893534,1.72496485893534,0.72496485893534,0,1.27503514106466,2.27503514106466,3.27503514106466
0.477462437395659,2.72441840471926,1.72441840471926,0.72441840471926,0,1.27558159528074,2.27558159528074,3.27558159528074
0.480801335559265,2.72388084424684,1.72388084424684,0.723880844246838,0,1.27611915575316,2.27611915575316,3.27611915575316
0.484140233722871,2.72337609867228,1.72337609867228,0.723376098672284,0,1.27662390132772,2.27662390132772,3.27662390132772
0.487479131886477,2.72286605489252,1.72286605489252,0.722866054892519,0,1.27713394510748,2.27713394510748,3.27713394510748
0.490818030050083,2.72236763267976,1.72236763267976,0.722367632679765,0,1.27763236732024,2.27763236732024,3.27763236732024
0.49415692821369,2.72188207569953,1.72188207569953,0.721882075699531,0,1.27811792430047,2.27811792430047,3.27811792430047
0.497495826377296,2.7214107078549,1.7214107078549,0.721410707854902,0,1.2785892921451,2.2785892921451,3.2785892921451
0.500834724540901,2.72095206167321,1.72095206167321,0.720952061673206,0,1.27904793832679,2.27904793832679,3.27904793832679
0.504173622704507,2.72050648740159,1.72050648740159,0.720506487401586,0,1.27949351259841,2.27949351259841,3.27949351259841
0.507512520868113,2.72007426322242,1.72007426322242,0.720074263222424,0,1.27992573677758,2.27992573677758,3.27992573677758
0.510851419031719,2.71965573805467,1.71965573805467,0.719655738054674,0,1.28034426194533,2.28034426194533,3.28034426194533
0.514190317195326,2.7192513784425,1.7192513784425,0.719251378442501,0,1.2807486215575,2.2807486215575,3.2807486215575
0.517529215358932,2.71886154815355,1.71886154815355,0.718861548153547,0,1.28113845184645,2.28113845184645,3.28113845184645
0.520868113522538,2.71848661350282,1.71848661350282,0.718486613502819,0,1.28151338649718,2.28151338649718,3.28151338649718
0.524207011686144,2.71812694307784,1.71812694307784,0.718126943077838,0,1.28187305692216,2.28187305692216,3.28187305692216
0.52754590984975,2.71778290744898,1.71778290744898,0.717782907448981,0,1.28221709255102,2.28221709255102,3.28221709255102
0.530884808013356,2.71745487886967,1.71745487886967,0.717454878869665,0,1.28254512113033,2.28254512113033,3.28254512113033
0.534223706176962,2.7171432309713,1.7171432309713,0.717143230971296,0,1.2828567690287,2.2828567690287,3.2828567690287
0.537562604340568,2.71684833845799,1.71684833845799,0.71684833845799,0,1.28315166154201,2.28315166154201,3.28315166154201
0.540901502504174,2.71657057680599,1.71657057680599,0.716570576805992,0,1.28342942319401,2.28342942319401,3.28342942319401
0.54424040066778,2.71631032197243,1.71631032197243,0.716310321972428,0,1.28368967802757,2.28368967802757,3.28368967802757
0.547579298831386,2.71606795011755,1.71606795011755,0.716067950117546,0,1.28393204988245,2.28393204988245,3.28393204988245
0.550918196994992,2.71584371194328,1.71584371194328,0.715843711943275,0,1.28415628805672,2.28415628805672,3.28415628805672
0.554257095158598,2.71563784101962,1.71563784101962,0.71563784101962,0,1.28436215898038,2.28436215898038,3.28436215898038
0.557595993322204,2.71545069429571,1.71545069429571,0.715450694295705,0,1.28454930570429,2.28454930570429,3.28454930570429
0.56093489148581,2.71528257227031,1.71528257227031,0.715282572270312,0,1.28471742772969,2.28471742772969,3.28471742772969
0.564273789649416,2.71513376615313,1.71513376615313,0.715133766153132,0,1.28486623384687,2.28486623384687,3.28486623384687
0.567612687813022,2.7150045591926,1.7150045591926,0.715004559192597,0,1.2849954408074,2.2849954408074,3.2849954408074
0.570951585976628,2.71489522862631,1.71489522862631,0.714895228626307,0,1.28510477137369,2.28510477137369,3.28510477137369
0.574290484140234,2.71480604829951,1.71480604829951,0.714806048299507,0,1.28519395170049,2.28519395170049,3.28519395170049
0.57762938230384,2.71473729200063,1.71473729200063,0.714737292000635,0,1.28526270799937,2.28526270799937,3.28526270799937
0.580968280467446,2.71468924286414,1.71468924286414,0.714689242864143,0,1.28531075713586,2.28531075713586,3.28531075713586
0.584307178631052,2.71470593827238,1.71470593827238,0.714705938272385,0,1.28529406172762,2.28529406172762,3.28529406172762
0.587646076794658,2.71468863442722,1.71468863442722,0.714688634427222,0,1.28531136557278,2.28531136557278,3.28531136557278
0.590984974958264,2.71471543091664,1.71471543091664,0.714715430916644,0,1.28528456908336,2.28528456908336,3.28528456908336
0.59432387312187,2.7147664901402,1.7147664901402,0.714766490140201,0,1.2852335098598,2.2852335098598,3.2852335098598
0.597662771285476,2.71484585145144,1.71484585145144,0.714845851451438,0,1.28515414854856,2.28515414854856,3.28515414854856
0.601001669449082,2.71494973438632,1.71494973438632,0.714949734386322,0,1.28505026561368,2.28505026561368,3.28505026561368
0.604340567612688,2.71507879342193,1.71507879342193,0.715078793421934,0,1.28492120657807,2.28492120657807,3.28492120657807
0.607679465776294,2.715233463549,1.715233463549,0.715233463548998,0,1.284766536451,2.284766536451,3.284766536451
0.6110183639399,2.71541418036531,1.71541418036531,0.715414180365314,0,1.28458581963469,2.28458581963469,3.28458581963469
0.614357262103506,2.71562137935971,1.71562137935971,0.715621379359706,0,1.28437862064029,2.28437862064029,3.28437862064029
0.617696160267112,2.71585549495325,1.71585549495325,0.71585549495325,0,1.28414450504675,2.28414450504675,3.28414450504675
0.621035058430718,2.7161169591838,1.7161169591838,0.716116959183801,0,1.2838830408162,2.2838830408162,3.2838830408162
0.624373956594324,2.71640619984463,1.71640619984463,0.71640619984463,0,1.28359380015537,2.28359380015537,3.28359380015537
0.62771285475793,2.71672363775266,1.71672363775266,0.716723637752664,0,1.28327636224734,2.28327636224734,3.28327636224734
0.631051752921536,2.71706973040627,1.71706973040627,0.717069730406267,0,1.28293026959373,2.28293026959373,3.28293026959373
0.634390651085142,2.71744455502779,1.71744455502779,0.717444555027794,0,1.28255544497221,2.28255544497221,3.28255544497221
0.637729549248748,2.71784822210889,1.71784822210889,0.717848222108889,0,1.28215177789111,2.28215177789111,3.28215177789111
0.641068447412354,2.71828907425551,1.71828907425551,0.718289074255509,0,1.28171092574449,2.28171092574449,3.28171092574449
0.64440734557596,2.71875142973116,1.71875142973116,0.718751429731157,0,1.28124857026884,2.28124857026884,3.28124857026884
0.647746243739566,2.7192438992108,1.7192438992108,0.719243899210801,0,1.2807561007892,2.2807561007892,3.2807561007892
0.651085141903172,2.71976667029574,1.71976667029574,0.719766670295741,0,1.28023332970426,2.28023332970426,3.28023332970426
0.654424040066778,2.72031981685361,1.72031981685361,0.720319816853607,0,1.27968018314639,2.27968018314639,3.27968018314639
0.657762938230384,2.7209389062426,1.7209389062426,0.720938906242601,0,1.2790610937574,2.2790610937574,3.2790610937574
0.66110183639399,2.72156361840876,1.72156361840876,0.721563618408759,0,1.27843638159124,2.27843638159124,3.27843638159124
0.664440734557596,2.72222007119288,1.72222007119288,0.722220071192878,0,1.27777992880712,2.27777992880712,3.27777992880712
0.667779632721202,2.72286569368134,1.72286569368134,0.722865693681339,0,1.27713430631866,2.27713430631866,3.27713430631866
0.671118530884808,2.72358846283231,1.72358846283231,0.723588462832308,0,1.27641153716769,2.27641153716769,3.27641153716769
0.674457429048414,2.72434576859815,1.72434576859815,0.724345768598155,0,1.27565423140185,2.27565423140185,3.27565423140185
0.67779632721202,2.72513811066588,1.72513811066588,0.725138110665884,0,1.27486188933412,2.27486188933412,3.27486188933412
0.681135225375626,2.7260101322469,1.7260101322469,0.726010132246897,0,1.2739898677531,2.2739898677531,3.2739898677531
0.684474123539232,2.72687783575708,1.72687783575708,0.726877835757083,0,1.27312216424292,2.27312216424292,3.27312216424292
0.687813021702838,2.72778233913411,1.72778233913411,0.727782339134108,0,1.27221766086589,2.27221766086589,3.27221766086589
0.691151919866444,2.7287241533742,1.7287241533742,0.728724153374204,0,1.2712758466258,2.2712758466258,3.2712758466258
0.69449081803005,2.72970379873501,1.72970379873501,0.729703798735012,0,1.27029620126499,2.27029620126499,3.27029620126499
0.697829716193656,2.73072180548225,1.73072180548225,0.730721805482254,0,1.26927819451775,2.26927819451775,3.26927819451775
0.701168614357262,2.73177871473266,1.73177871473266,0.731778714732655,0,1.26822128526734,2.26822128526734,3.26822128526734
0.704507512520868,2.73287507939218,1.73287507939218,0.73287507939218,0,1.26712492060782,2.26712492060782,3.26712492060782
0.707846410684474,2.73401146519084,1.73401146519084,0.734011465190844,0,1.26598853480916,2.26598853480916,3.26598853480916
0.71118530884808,2.73518810481507,1.73518810481507,0.735188104815069,0,1.26481189518493,2.26481189518493,3.26481189518493
0.714524207011686,2.73640622431556,1.73640622431556,0.736406224315559,0,1.26359377568444,2.26359377568444,3.26359377568444
0.717863105175292,2.73766614929836,1.73766614929836,0.73766614929836,0,1.26233385070164,2.26233385070164,3.26233385070164
0.721202003338898,2.73896851012523,1.73896851012523,0.738968510125232,0,1.26103148987477,2.26103148987477,3.26103148987477
0.724540901502504,2.7403179610867,1.7403179610867,0.740317961086697,0,1.2596820389133,2.2596820389133,3.2596820389133
0.72787979966611,2.74170695605814,1.74170695605814,0.74170695605814,0,1.25829304394186,2.25829304394186,3.25829304394186
0.731218697829716,2.74314050094674,1.74314050094674,0.743140500946737,0,1.25685949905326,2.25685949905326,3.25685949905326
0.734557595993322,2.74461934259934,1.74461934259934,0.744619342599339,0,1.25538065740066,2.25538065740066,3.25538065740066
0.737896494156928,2.74614495730343,1.74614495730343,0.746144957303428,0,1.25385504269657,2.25385504269657,3.25385504269657
0.741235392320534,2.74771745931517,1.74771745931517,0.747717459315167,0,1.25228254068483,2.25228254068483,3.25228254068483
0.74457429048414,2.74933771444415,1.74933771444415,0.749337714444148,0,1.25066228555585,2.25066228555585,3.25066228555585
0.747913188647746,2.75100665474278,1.75100665474278,0.751006654742779,0,1.24899334525722,2.24899334525722,3.24899334525722
0.751252086811352,2.75269932007462,1.75269932007462,0.752699320074618,0,1.24730067992538,2.24730067992538,3.24730067992538
0.754590984974958,2.75448864474352,1.75448864474352,0.75448864474352,0,1.24551135525648,2.24551135525648,3.24551135525648
0.757929883138564,2.75630515955266,1.75630515955266,0.756305159552657,0,1.24369484044734,2.24369484044734,3.24369484044734
0.76126878130217,2.75815494397395,1.75815494397395,0.758154943973945,0,1.24184505602605,2.24184505602605,3.24184505602605
0.764607679465776,2.76007882526085,1.76007882526085,0.760078825260854,0,1.23992117473915,2.23992117473915,3.23992117473915
0.767946577629382,2.76205704441087,1.76205704441087,0.762057044410868,0,1.23794295558913,2.23794295558913,3.23794295558913
0.771285475792988,2.76409090185135,1.76409090185135,0.764090901851352,0,1.23590909814865,2.23590909814865,3.23590909814865
0.774624373956594,2.76618171039419,1.76618171039419,0.766181710394194,0,1.23381828960581,2.23381828960581,3.23381828960581
0.7779632721202,2.76833082850892,1.76833082850892,0.76833082850892,0,1.23166917149108,2.23166917149108,3.23166917149108
0.781302170283806,2.77053970048759,1.77053970048759,0.770539700487594,0,1.22946029951241,2.22946029951241,3.22946029951241
0.784641068447412,2.77280986477111,1.77280986477111,0.772809864771113,0,1.22719013522889,2.22719013522889,3.22719013522889
0.787979966611018,2.77514296325182,1.77514296325182,0.775142963251824,0,1.22485703674818,2.22485703674818,3.22485703674818
0.791318864774624,2.77754065874347,1.77754065874347,0.777540658743472,0,1.22245934125653,2.22245934125653,3.22245934125653
0.79465776293823,2.78000450427918,1.78000450427918,0.78000450427918,0,1.21999549572082,2.21999549572082,3.21999549572082
0.797996661101836,2.78253671057301,1.78253671057301,0.78253671057301,0,1.21746328942699,2.21746328942699,3.21746328942699
0.801335559265442,2.78513941835397,1.78513941835397,0.785139418353973,0,1.21486058164603,2.21486058164603,3.21486058164603
0.804674457429048,2.78781493982008,1.78781493982008,0.787814939820083,0,1.21218506017992,2.21218506017992,3.21218506017992
0.808013355592654,2.79056578022222,1.79056578022222,0.790565780222223,0,1.20943421977778,2.20943421977778,3.20943421977778
0.81135225375626,2.79339466290275,1.79339466290275,0.793394662902748,0,1.20660533709725,2.20660533709725,3.20660533709725
0.814691151919866,2.79630455841894,1.79630455841894,0.796304558418942,0,1.20369544158106,2.20369544158106,3.20369544158106
0.818030050083472,2.79929871852473,1.79929871852473,0.799298718524726,0,1.20070128147527,2.20070128147527,3.20070128147527
0.821368948247079,2.80238071597211,1.80238071597211,0.802380715972114,0,1.19761928402789,2.19761928402789,3.19761928402789
0.824707846410685,2.80555449134371,1.80555449134371,0.805554491343712,0,1.19444550865629,2.19444550865629,3.19444550865629
0.828046744574291,2.80882440846367,1.80882440846367,0.808824408463669,0,1.19117559153633,2.19117559153633,3.19117559153633
0.831385642737897,2.81219711873622,1.81219711873622,0.81219711873622,0,1.18780288126378,2.18780288126378,3.18780288126378
0.834724540901502,2.81567736996258,1.81567736996258,0.815677369962584,0,1.18432263003742,2.18432263003742,3.18432263003742
0.838063439065108,2.81926877701323,1.81926877701323,0.819268777013231,0,1.18073122298677,2.18073122298677,3.18073122298677
0.841402337228714,2.82303684388471,1.82303684388471,0.823036843884706,0,1.17696315611529,2.17696315611529,3.17696315611529
0.84474123539232,2.82687956854437,1.82687956854437,0.826879568544372,0,1.17312043145563,2.17312043145563,3.17312043145563
0.848080133555927,2.8308566792947,1.8308566792947,0.830856679294704,0,1.1691433207053,2.1691433207053,3.1691433207053
0.851419031719533,2.83497750340352,1.83497750340352,0.834977503403519,0,1.16502249659648,2.16502249659648,3.16502249659648
0.854757929883139,2.83925269632948,1.83925269632948,0.839252696329479,0,1.16074730367052,2.16074730367052,3.16074730367052
0.858096828046745,2.84369451879258,1.84369451879258,0.843694518792578,0,1.15630548120742,2.15630548120742,3.15630548120742
0.861435726210351,2.84831719359968,1.84831719359968,0.848317193599681,0,1.15168280640032,2.15168280640032,3.15168280640032
0.864774624373957,2.85313740255571,1.85313740255571,0.853137402555706,0,1.14686259744429,2.14686259744429,3.14686259744429
0.868113522537563,2.85817481284075,1.85817481284075,0.858174812840749,0,1.14182518715925,2.14182518715925,3.14182518715925
0.871452420701169,2.86345114875023,1.86345114875023,0.863451148750232,0,1.13654885124977,2.13654885124977,3.13654885124977
0.874791318864775,2.86899691754162,1.86899691754162,0.868996917541623,0,1.13100308245838,2.13100308245838,3.13100308245838
0.878130217028381,2.87484744781866,1.87484744781866,0.874847447818658,0,1.12515255218134,2.12515255218134,3.12515255218134
0.881469115191987,2.88104719421395,1.88104719421395,0.881047194213953,0,1.11895280578605,2.11895280578605,3.11895280578605
0.884808013355593,2.8876534258773,1.8876534258773,0.887653425877299,0,1.1123465741227,2.1123465741227,3.1123465741227
0.888146911519199,2.89474209131306,1.89474209131306,0.894742091313063,0,1.10525790868694,2.10525790868694,3.10525790868694
0.891485809682805,2.9024176730961,1.9024176730961,0.902417673096102,0,1.0975823269039,2.0975823269039,3.0975823269039
0.894824707846411,2.91083096053338,1.91083096053338,0.910830960533379,0,1.08916903946662,2.08916903946662,3.08916903946662
0.898163606010017,2.92021427122326,1.92021427122326,0.920214271223261,0,1.07978572877674,2.07978572877674,3.07978572877674
0.901502504173623,2.93096118647598,1.93096118647598,0.930961186475983,0,1.06903881352402,2.06903881352402,3.06903881352402
0.904841402337229,2.9438482916306,1.9438482916306,0.943848291630596,0,1.0561517083694,2.0561517083694,3.0561517083694
0.908180300500835,2.96093944095721,1.96093944095721,0.960939440957205,0,1.03906055904279,2.03906055904279,3.03906055904279
0.911519198664441,3,2,1,0,1,2,3
0.914858096828047,3,2,1,0,1,2,3
0.918196994991653,3,2,1,0,1,2,3
0.921535893155259,3,2,1,0,1,2,3
0.924874791318865,3,2,1,0,1,2,3
0.928213689482471,3,2,1,0,1,2,3
0.931552587646077,3,2,1,0,1,2,3
0.934891485809683,3,2,1,0,1,2,3
0.938230383973289,3,2,1,0,1,2,3
0.941569282136895,3,2,1,0,1,2,3
0.944908180300501,3,2,1,0,1,2,3
0.948247078464107,3,2,1,0,1,2,3
0.951585976627713,3,2,1,0,1,2,3
0.954924874791319,3,2,1,0,1,2,3
0.958263772954925,3,2,1,0,1,2,3
0.961602671118531,3,2,1,0,1,2,3
0.964941569282137,3,2,1,0,1,2,3
0.968280467445743,3,2,1,0,1,2,3
0.971619365609349,3,2,1,0,1,2,3
0.974958263772955,3,2,1,0,1,2,3
0.978297161936561,3,2,1,0,1,2,3
0.981636060100167,3,2,1,0,1,2,3
0.984974958263773,3,2,1,0,1,2,3
0.988313856427379,3,2,1,0,1,2,3
0.991652754590985,3,2,1,0,1,2,3
0.994991652754591,3,2,1,0,1,2,3
0.998330550918197,3,2,1,0,1,2,3
1.0016694490818,3,2,1,0,1,2,3
1.00500834724541,3,2,1,0,1,2,3
1.00834724540901,3,2,1,0,1,2,3
1.01168614357262,3,2,1,0,1,2,3
1.01502504173623,3,2,1,0,1,2,3
1.01836393989983,3,2,1,0,1,2,3
1.02170283806344,3,2,1,0,1,2,3
1.02504173622704,3,2,1,0,1,2,3
1.02838063439065,3,2,1,0,1,2,3
1.03171953255426,3,2,1,0,1,2,3
1.03505843071786,3,2,1,0,1,2,3
1.03839732888147,3,2,1,0,1,2,3
1.04173622704508,3,2,1,0,1,2,3
1.04507512520868,3,2,1,0,1,2,3
1.04841402337229,3,2,1,0,1,2,3
1.05175292153589,3,2,1,0,1,2,3
1.0550918196995,3,2,1,0,1,2,3
1.05843071786311,3,2,1,0,1,2,3
1.06176961602671,3,2,1,0,1,2,3
1.06510851419032,3,2,1,0,1,2,3
1.06844741235392,3,2,1,0,1,2,3
1.07178631051753,3,2,1,0,1,2,3
1.07512520868114,3,2,1,0,1,2,3
1.07846410684474,3,2,1,0,1,2,3
1.08180300500835,3,2,1,0,1,2,3
1.08514190317195,3,2,1,0,1,2,3
1.08848080133556,3,2,1,0,1,2,3
1.09181969949917,3,2,1,0,1,2,3
1.09515859766277,3,2,1,0,1,2,3
1.09849749582638,3,2,1,0,1,2,3
1.10183639398998,3,2,1,0,1,2,3
1.10517529215359,3,2,1,0,1,2,3
1.1085141903172,3,2,1,0,1,2,3
1.1118530884808,3,2,1,0,1,2,3
1.11519198664441,3,2,1,0,1,2,3
1.11853088480801,3,2,1,0,1,2,3
1.12186978297162,3,2,1,0,1,2,3
1.12520868113523,3,2,1,0,1,2,3
1.12854757929883,3,2,1,0,1,2,3
1.13188647746244,3,2,1,0,1,2,3
1.13522537562604,3,2,1,0,1,2,3
1.13856427378965,3,2,1,0,1,2,3
1.14190317195326,3,2,1,0,1,2,3
1.14524207011686,3,2,1,0,1,2,3
1.14858096828047,3,2,1,0,1,2,3
1.15191986644407,3,2,1,0,1,2,3
1.15525876460768,3,2,1,0,1,2,3
1.15859766277129,3,2,1,0,1,2,3
1.16193656093489,3,2,1,0,1,2,3
1.1652754590985,3,2,1,0,1,2,3
1.1686143572621,3,2,1,0,1,2,3
1.17195325542571,3,2,1,0,1,2,3
1.17529215358932,3,2,1,0,1,2,3
1.17863105175292,3,2,1,0,1,2,3
1.18196994991653,3,2,1,0,1,2,3
1.18530884808013,3,2,1,0,1,2,3
1.18864774624374,3,2,1,0,1,2,3
1.19198664440735,3,2,1,0,1,2,3
1.19532554257095,3,2,1,0,1,2,3
1.19866444073456,3,2,1,0,1,2,3
1.20200333889816,3,2,1,0,1,2,3
1.20534223706177,3,2,1,0,1,2,3
1.20868113522538,3,2,1,0,1,2,3
1.21202003338898,3,2,1,0,1,2,3
1.21535893155259,3,2,1,0,1,2,3
1.21869782971619,3,2,1,0,1,2,3
1.2220367278798,3,2,1,0,1,2,3
1.22537562604341,3,2,1,0,1,2,3
1.22871452420701,3,2,1,0,1,2,3
1.23205342237062,3,2,1,0,1,2,3
1.23539232053422,3,2,1,0,1,2,3
1.23873121869783,3,2,1,0,1,2,3
1.24207011686144,3,2,1,0,1,2,3
1.24540901502504,3,2,1,0,1,2,3
1.24874791318865,3,2,1,0,1,2,3
1.25208681135225,3,2,1,0,1,2,3
1.25542570951586,3,2,1,0,1,2,3
1.25876460767947,3,2,1,0,1,2,3
1.26210350584307,3,2,1,0,1,2,3
1.26544240400668,3,2,1,0,1,2,3
1.26878130217028,3,2,1,0,1,2,3
1.27212020033389,3,2,1,0,1,2,3
1.2754590984975,3,2,1,0,1,2,3
1.2787979966611,3,2,1,0,1,2,3
1.28213689482471,3,2,1,0,1,2,3
1.28547579298831,3,2,1,0,1,2,3
1.28881469115192,3,2,1,0,1,2,3
1.29215358931553,3,2,1,0,1,2,3
1.29549248747913,3,2,1,0,1,2,3
1.29883138564274,3,2,1,0,1,2,3
1.30217028380634,3,2,1,0,1,2,3
1.30550918196995,3,2,1,0,1,2,3
1.30884808013356,3,2,1,0,1,2,3
1.31218697829716,3,2,1,0,1,2,3
1.31552587646077,3,2,1,0,1,2,3
1.31886477462437,3,2,1,0,1,2,3
1.32220367278798,3,2,1,0,1,2,3
1.32554257095159,3,2,1,0,1,2,3
1.32888146911519,3,2,1,0,1,2,3
1.3322203672788,3,2,1,0,1,2,3
1.3355592654424,3,2,1,0,1,2,3
1.33889816360601,3,2,1,0,1,2,3
1.34223706176962,3,2,1,0,1,2,3
1.34557595993322,3,2,1,0,1,2,3
1.34891485809683,3,2,1,0,1,2,3
1.35225375626043,3,2,1,0,1,2,3
1.35559265442404,3,2,1,0,1,2,3
1.35893155258765,3,2,1,0,1,2,3
1.36227045075125,3,2,1,0,1,2,3
1.36560934891486,3,2,1,0,1,2,3
1.36894824707846,3,2,1,0,1,2,3
1.37228714524207,3,2,1,0,1,2,3
1.37562604340568,3,2,1,0,1,2,3
1.37896494156928,3,2,1,0,1,2,3
1.38230383973289,3,2,1,0,1,2,3
1.38564273789649,3,2,1,0,1,2,3
1.3889816360601,3,2,1,0,1,2,3
1.39232053422371,3,2,1,0,1,2,3
1.39565943238731,3,2,1,0,1,2,3
1.39899833055092,3,2,1,0,1,2,3
1.40233722871452,3,2,1,0,1,2,3
1.40567612687813,3,2,1,0,1,2,3
1.40901502504174,3,2,1,0,1,2,3
1.41235392320534,3,2,1,0,1,2,3
1.41569282136895,3,2,1,0,1,2,3
1.41903171953255,3,2,1,0,1,2,3
1.42237061769616,3,2,1,0,1,2,3
1.42570951585977,3,2,1,0,1,2,3
1.42904841402337,3,2,1,0,1,2,3
1.43238731218698,3,2,1,0,1,2,3
1.43572621035058,3,2,1,0,1,2,3
1.43906510851419,3,2,1,0,1,2,3
1.4424040066778,3,2,1,0,1,2,3
1.4457429048414,3,2,1,0,1,2,3
1.44908180300501,3,2,1,0,1,2,3
1.45242070116861,3,2,1,0,1,2,3
1.45575959933222,3,2,1,0,1,2,3
1.45909849749583,3,2,1,0,1,2,3
1.46243739565943,3,2,1,0,1,2,3
1.46577629382304,3,2,1,0,1,2,3
1.46911519198664,3,2,1,0,1,2,3
1.47245409015025,3,2,1,0,1,2,3
1.47579298831386,3,2,1,0,1,2,3
1.47913188647746,3,2,1,0,1,2,3
1.48247078464107,3,2,1,0,1,2,3
1.48580968280467,3,2,1,0,1,2,3
1.48914858096828,3,2,1,0,1,2,3
1.49248747913189,3,2,1,0,1,2,3
1.49582637729549,3,2,1,0,1,2,3
1.4991652754591,3,2,1,0,1,2,3
1.5025041736227,3,2,1,0,1,2,3
1.50584307178631,3,2,1,0,1,2,3
1.50918196994992,3,2,1,0,1,2,3
1.51252086811352,3,2,1,0,1,2,3
1.51585976627713,3,2,1,0,1,2,3
1.51919866444073,3,2,1,0,1,2,3
1.52253756260434,3,2,1,0,1,2,3
1.52587646076795,3,2,1,0,1,2,3
1.52921535893155,3,2,1,0,1,2,3
1.53255425709516,3,2,1,0,1,2,3
1.53589315525876,3,2,1,0,1,2,3
1.53923205342237,3,2,1,0,1,2,3
1.54257095158598,3,2,1,0,1,2,3
1.54590984974958,3,2,1,0,1,2,3
1.54924874791319,3,2,1,0,1,2,3
1.55258764607679,3,2,1,0,1,2,3
1.5559265442404,3,2,1,0,1,2,3
1.55926544240401,3,2,1,0,1,2,3
1.56260434056761,3,2,1,0,1,2,3
1.56594323873122,3,2,1,0,1,2,3
1.56928213689482,3,2,1,0,1,2,3
1.57262103505843,3,2,1,0,1,2,3
1.57595993322204,3,2,1,0,1,2,3
1.57929883138564,3,2,1,0,1,2,3
1.58263772954925,3,2,1,0,1,2,3
1.58597662771285,3,2,1,0,1,2,3
1.58931552587646,3,2,1,0,1,2,3
1.59265442404007,3,2,1,0,1,2,3
1.59599332220367,3,2,1,0,1,2,3
1.59933222036728,3,2,1,0,1,2,3
1.60267111853088,3,2,1,0,1,2,3
1.60601001669449,3,2,1,0,1,2,3
1.6093489148581,3,2,1,0,1,2,3
1.6126878130217,3,2,1,0,1,2,3
1.61602671118531,3,2,1,0,1,2,3
1.61936560934891,3,2,1,0,1,2,3
1.62270450751252,3,2,1,0,1,2,3
1.62604340567613,3,2,1,0,1,2,3
1.62938230383973,3,2,1,0,1,2,3
1.63272120200334,3,2,1,0,1,2,3
1.63606010016694,3,2,1,0,1,2,3
1.63939899833055,3,2,1,0,1,2,3
1.64273789649416,3,2,1,0,1,2,3
1.64607679465776,3,2,1,0,1,2,3
1.64941569282137,3,2,1,0,1,2,3
1.65275459098498,3,2,1,0,1,2,3
1.65609348914858,3,2,1,0,1,2,3
1.65943238731219,3,2,1,0,1,2,3
1.66277128547579,3,2,1,0,1,2,3
1.6661101836394,3,2,1,0,1,2,3
1.669449081803,3,2,1,0,1,2,3
1.67278797996661,3,2,1,0,1,2,3
1.67612687813022,3,2,1,0,1,2,3
1.67946577629382,3,2,1,0,1,2,3
1.68280467445743,3,2,1,0,1,2,3
1.68614357262103,3,2,1,0,1,2,3
1.68948247078464,3,2,1,0,1,2,3
1.69282136894825,3,2,1,0,1,2,3
1.69616026711185,3,2,1,0,1,2,3
1.69949916527546,3,2,1,0,1,2,3
1.70283806343907,3,2,1,0,1,2,3
1.70617696160267,3,2,1,0,1,2,3
1.70951585976628,3,2,1,0,1,2,3
1.71285475792988,3,2,1,0,1,2,3
1.71619365609349,3,2,1,0,1,2,3
1.7195325542571,3,2,1,0,1,2,3
1.7228714524207,3,2,1,0,1,2,3
1.72621035058431,3,2,1,0,1,2,3
1.72954924874791,3,2,1,0,1,2,3
1.73288814691152,3,2,1,0,1,2,3
1.73622704507513,3,2,1,0,1,2,3
1.73956594323873,3,2,1,0,1,2,3
1.74290484140234,3,2,1,0,1,2,3
1.74624373956594,3,2,1,0,1,2,3
1.74958263772955,3,2,1,0,1,2,3
1.75292153589316,3,2,1,0,1,2,3
1.75626043405676,3,2,1,0,1,2,3
1.75959933222037,3,2,1,0,1,2,3
1.76293823038397,3,2,1,0,1,2,3
1.76627712854758,3,2,1,0,1,2,3
1.76961602671119,3,2,1,0,1,2,3
1.77295492487479,3,2,1,0,1,2,3
1.7762938230384,3,2,1,0,1,2,3
1.779632721202,3,2,1,0,1,2,3
1.78297161936561,3,2,1,0,1,2,3
1.78631051752922,3,2,1,0,1,2,3
1.78964941569282,3,2,1,0,1,2,3
1.79298831385643,3,2,1,0,1,2,3
1.79632721202003,3,2,1,0,1,2,3
1.79966611018364,3,2,1,0,1,2,3
1.80300500834725,3,2,1,0,1,2,3
1.80634390651085,3,2,1,0,1,2,3
1.80968280467446,3,2,1,0,1,2,3
1.81302170283806,3,2,1,0,1,2,3
1.81636060100167,3,2,1,0,1,2,3
1.81969949916528,3,2,1,0,1,2,3
1.82303839732888,3,2,1,0,1,2,3
1.82637729549249,3,2,1,0,1,2,3
1.82971619365609,3,2,1,0,1,2,3
1.8330550918197,3,2,1,0,1,2,3
1.83639398998331,3,2,1,0,1,2,3
1.83973288814691,3,2,1,0,1,2,3
1.84307178631052,3,2,1,0,1,2,3
1.84641068447412,3,2,1,0,1,2,3
1.84974958263773,3,2,1,0,1,2,3
1.85308848080134,3,2,1,0,1,2,3
1.85642737896494,3,2,1,0,1,2,3
1.85976627712855,3,2,1,0,1,2,3
1.86310517529215,3,2,1,0,1,2,3
1.86644407345576,3,2,1,0,1,2,3
1.86978297161937,3,2,1,0,1,2,3
1.87312186978297,3,2,1,0,1,2,3
1.87646076794658,3,2,1,0,1,2,3
1.87979966611018,3,2,1,0,1,2,3
1.88313856427379,3,2,1,0,1,2,3
1.8864774624374,3,2,1,0,1,2,3
1.889816360601,3,2,1,0,1,2,3
1.89315525876461,3,2,1,0,1,2,3
1.89649415692821,3,2,1,0,1,2,3
1.89983305509182,3,2,1,0,1,2,3
1.90317195325543,3,2,1,0,1,2,3
1.90651085141903,3,2,1,0,1,2,3
1.90984974958264,3,2,1,0,1,2,3
1.91318864774624,3,2,1,0,1,2,3
1.91652754590985,3,2,1,0,1,2,3
1.91986644407346,3,2,1,0,1,2,3
1.92320534223706,3,2,1,0,1,2,3
1.92654424040067,3,2,1,0,1,2,3
1.92988313856427,3,2,1,0,1,2,3
1.93322203672788,3,2,1,0,1,2,3
1.93656093489149,3,2,1,0,1,2,3
1.93989983305509,3,2,1,0,1,2,3
1.9432387312187,3,2,1,0,1,2,3
1.9465776293823,3,2,1,0,1,2,3
1.94991652754591,3,2,1,0,1,2,3
1.95325542570952,3,2,1,0,1,2,3
1.95659432387312,3,2,1,0,1,2,3
1.95993322203673,3,2,1,0,1,2,3
1.96327212020033,3,2,1,0,1,2,3
1.96661101836394,3,2,1,0,1,2,3
1.96994991652755,3,2,1,0,1,2,3
1.97328881469115,3,2,1,0,1,2,3
1.97662771285476,3,2,1,0,1,2,3
1.97996661101836,3,2,1,0,1,2,3
1.98330550918197,3,2,1,0,1,2,3
1.98664440734558,3,2,1,0,1,2,3
1.98998330550918,3,2,1,0,1,2,3
1.99332220367279,3,2,1,0,1,2,3
1.99666110183639,3,2,1,0,1,2,3
2,3,2,1,0,1,2,3
