mu,m_neg_4,m_neg_3,m_neg_2,m_neg_1,m_0,m_1,m_2,m_3,m_4
0,3.6614885212036,2.6614885212036,1.6614885212036,0.661488521203604,0,1.3385114787964,2.3385114787964,3.3385114787964,4.3385114787964
0.00417362270450751,3.66145304642472,2.66145304642472,1.66145304642472,0.661453046424724,0,1.33854695357528,2.33854695357528,3.33854695357528,4.33854695357528
0.00834724540901502,3.66134767086413,2.66134767086413,1.66134767086413,0.661347670864127,0,1.33865232913587,2.33865232913587,3.33865232913587,4.33865232913587
0.0125208681135225,3.66117197246341,2.66117197246341,1.66117197246341,0.661171972463414,0,1.33882802753659,2.33882802753659,3.33882802753659,4.33882802753659
0.01669449081803,3.66092583225465,2.66092583225465,1.66092583225465,0.660925832254652,0,1.33907416774535,2.33907416774535,3.33907416774535,4.33907416774535
0.0208681135225376,3.66060903885399,2.66060903885399,1.66060903885399,0.660609038853986,0,1.33939096114601,2.33939096114601,3.33939096114601,4.33939096114601
0.0250417362270451,3.6602212770037,2.6602212770037,1.6602212770037,0.660221277003697,0,1.3397787229963,2.3397787229963,3.3397787229963,4.3397787229963
0.0292153589315526,3.65976246259106,2.65976246259106,1.65976246259106,0.659762462591058,0,1.34023753740894,2.34023753740894,3.34023753740894,4.34023753740894
0.0333889816360601,3.65923229015016,2.65923229015016,1.65923229015016,0.659232290150157,0,1.34076770984984,2.34076770984984,3.34076770984984,4.34076770984984
0.0375626043405676,3.6586304015107,2.6586304015107,1.6586304015107,0.658630401510704,0,1.3413695984893,2.3413695984893,3.3413695984893,4.3413695984893
0.0417362270450751,3.65795638241039,2.65795638241039,1.65795638241039,0.65795638241039,0,1.34204361758961,2.34204361758961,3.34204361758961,4.34204361758961
0.0459098497495826,3.65720975859135,2.65720975859135,1.65720975859135,0.657209758591351,0,1.34279024140865,2.34279024140865,3.34279024140865,4.34279024140865
0.0500834724540902,3.65638999131603,2.65638999131603,1.65638999131603,0.656389991316034,0,1.34361000868397,2.34361000868397,3.34361000868397,4.34361000868397
0.0542570951585977,3.65549647223071,2.65549647223071,1.65549647223071,0.655496472230714,0,1.34450352776929,2.34450352776929,3.34450352776929,4.34450352776929
0.0584307178631052,3.6545285174946,2.6545285174946,1.6545285174946,0.654528517494595,0,1.3454714825054,2.3454714825054,3.3454714825054,4.3454714825054
0.0626043405676127,3.65348536107892,2.65348536107892,1.65348536107892,0.65348536107892,0,1.34651463892108,2.34651463892108,3.34651463892108,4.34651463892108
0.0667779632721202,3.6523660935362,2.6523660935362,1.6523660935362,0.652366093536198,0,1.3476339064638,2.3476339064638,3.3476339064638,4.3476339064638
0.0709515859766277,3.65116975432868,2.65116975432868,1.65116975432868,0.651169754328683,0,1.34883024567132,2.34883024567132,3.34883024567132,4.34883024567132
0.0751252086811352,3.64989279373406,2.64989279373406,1.64989279373406,0.649892793734059,0,1.35010720626594,2.35010720626594,3.35010720626594,4.35010720626594
0.0792988313856427,3.64853843959603,2.64853843959603,1.64853843959603,0.64853843959603,0,1.35146156040397,2.35146156040397,3.35146156040397,4.35146156040397
0.0834724540901502,3.64710424182753,2.64710424182753,1.64710424182753,0.647104241827533,0,1.35289575817247,2.35289575817247,3.35289575817247,4.35289575817247
0.0876460767946578,3.64558815847053,2.64558815847053,1.64558815847053,0.645588158470532,0,1.35441184152947,2.35441184152947,3.35441184152947,4.35441184152947
0.0918196994991653,3.64398845016494,2.64398845016494,1.64398845016494,0.643988450164938,0,1.35601154983506,2.35601154983506,3.35601154983506,4.35601154983506
0.0959933222036728,3.6423061977685,2.6423061977685,1.6423061977685,0.6423061977685,0,1.3576938022315,2.3576938022315,3.3576938022315,4.3576938022315
0.10016694490818,3.64053336782717,2.64053336782717,1.64053336782717,0.640533367827175,0,1.35946663217283,2.35946663217283,3.35946663217283,4.35946663217283
0.104340567612688,3.63867077301767,2.63867077301767,1.63867077301767,0.638670773017667,0,1.36132922698233,2.36132922698233,3.36132922698233,4.36132922698233
0.108514190317195,3.6367119583854,2.6367119583854,1.6367119583854,0.636711958385396,0,1.3632880416146,2.3632880416146,3.3632880416146,4.3632880416146
0.112687813021703,3.63466137609866,2.63466137609866,1.63466137609866,0.634661376098656,0,1.36533862390134,2.36533862390134,3.36533862390134,4.36533862390134
0.11686143572621,3.63251264454626,2.63251264454626,1.63251264454626,0.632512644546261,0,1.36748735545374,2.36748735545374,3.36748735545374,4.36748735545374
0.121035058430718,3.63026216231273,2.63026216231273,1.63026216231273,0.630262162312732,0,1.36973783768727,2.36973783768727,3.36973783768727,4.36973783768727
0.125208681135225,3.62790574666835,2.62790574666835,1.62790574666835,0.627905746668352,0,1.37209425333165,2.37209425333165,3.37209425333165,4.37209425333165
0.129382303839733,3.62543894150519,2.62543894150519,1.62543894150519,0.625438941505189,0,1.37456105849481,2.37456105849481,3.37456105849481,4.37456105849481
0.13355592654424,3.62285660545618,2.62285660545618,1.62285660545618,0.622856605456177,0,1.37714339454382,2.37714339454382,3.37714339454382,4.37714339454382
0.137729549248748,3.62015276356813,2.62015276356813,1.62015276356813,0.620152763568126,0,1.37984723643187,2.37984723643187,3.37984723643187,4.37984723643187
0.141903171953255,3.6173205401164,2.6173205401164,1.6173205401164,0.617320540116396,0,1.3826794598836,2.3826794598836,3.3826794598836,4.3826794598836
0.146076794657763,3.6143519793284,2.6143519793284,1.6143519793284,0.6143519793284,0,1.3856480206716,2.3856480206716,3.3856480206716,4.3856480206716
0.15025041736227,3.61123781037781,2.61123781037781,1.61123781037781,0.611237810377811,0,1.38876218962219,2.38876218962219,3.38876218962219,4.38876218962219
0.154424040066778,3.6079671425775,2.6079671425775,1.6079671425775,0.607967142577503,0,1.3920328574225,2.3920328574225,3.3920328574225,4.3920328574225
0.158597662771285,3.60452706348107,2.60452706348107,1.60452706348107,0.604527063481069,0,1.39547293651893,2.39547293651893,3.39547293651893,4.39547293651893
0.162771285475793,3.60090209904002,2.60090209904002,1.60090209904002,0.600902099040024,0,1.39909790095998,2.39909790095998,3.39909790095998,4.39909790095998
0.1669449081803,3.59707347295666,2.59707347295666,1.59707347295666,0.597073472956658,0,1.40292652704334,2.40292652704334,3.40292652704334,4.40292652704334
0.171118530884808,3.59301806541969,2.59301806541969,1.59301806541969,0.593018065419694,0,1.40698193458031,2.40698193458031,3.40698193458031,4.40698193458031
0.175292153589316,3.58870690684658,2.58870690684658,1.58870690684658,0.588706906846577,0,1.41129309315342,2.41129309315342,3.41129309315342,4.41129309315342
0.179465776293823,3.58410292407007,2.58410292407007,1.58410292407007,0.58410292407007,0,1.41589707592993,2.41589707592993,3.41589707592993,4.41589707592993
0.183639398998331,3.57915742771354,2.57915742771354,1.57915742771354,0.579157427713543,0,1.42084257228646,2.42084257228646,3.42084257228646,4.42084257228646
0.187813021702838,3.57380435614137,2.57380435614137,1.57380435614137,0.57380435614137,0,1.42619564385863,2.42619564385863,3.42619564385863,4.42619564385863
0.191986644407346,3.56795022606003,2.56795022606003,1.56795022606003,0.567950226060029,0,1.43204977393997,2.43204977393997,3.43204977393997,4.43204977393997
0.196160267111853,3.56145507053153,2.56145507053153,1.56145507053153,0.561455070531529,0,1.43854492946847,2.43854492946847,3.43854492946847,4.43854492946847
0.200333889816361,3.55409192024025,2.55409192024025,1.55409192024025,0.554091920240249,0,1.44590807975975,2.44590807975975,3.44590807975975,4.44590807975975
0.204507512520868,3.54544488537743,2.54544488537743,1.54544488537743,0.545444885377433,0,1.45455511462257,2.45455511462257,3.45455511462257,4.45455511462257
0.208681135225376,3.5345688188764,2.5345688188764,1.5345688188764,0.534568818876395,0,1.4654311811236,2.4654311811236,3.4654311811236,4.4654311811236
0.212854757929883,3.5177652183874,2.5177652183874,1.5177652183874,0.517765218387397,0,1.4822347816126,2.4822347816126,3.4822347816126,4.4822347816126
0.217028380634391,3.5,2.5,1.5,0.5,0,1.5,2.5,3.5,4.5
0.221202003338898,3.5,2.5,1.5,0.5,0,1.5,2.5,3.5,4.5
0.225375626043406,3.5,2.5,1.5,0.5,0,1.5,2.5,3.5,4.5
0.229549248747913,3.5,2.5,1.5,0.5,0,1.5,2.5,3.5,4.5
0.233722871452421,3.5,2.5,1.5,0.5,0,1.5,2.5,3.5,4.5
0.237896494156928,3.5,2.5,1.5,0.5,0,1.5,2.5,3.5,4.5
0.242070116861436,3.5,2.5,1.5,0.5,0,1.5,2.5,3.5,4.5
0.246243739565943,3.5,2.5,1.5,0.5,0,1.5,2.5,3.5,4.5
0.250417362270451,3.5,2.5,1.5,0.5,0,1.5,2.5,3.5,4.5
0.254590984974958,3.5,2.5,1.5,0.5,0,1.5,2.5,3.5,4.5
0.258764607679466,3.5,2.5,1.5,0.5,0,1.5,2.5,3.5,4.5
0.262938230383973,3.5,2.5,1.5,0.5,0,1.5,2.5,3.5,4.5
0.267111853088481,3.5,2.5,1.5,0.5,0,1.5,2.5,3.5,4.5
0.271285475792988,3.5,2.5,1.5,0.5,0,1.5,2.5,3.5,4.5
0.275459098497496,3.5,2.5,1.5,0.5,0,1.5,2.5,3.5,4.5
0.279632721202003,3.5,2.5,1.5,0.5,0,1.5,2.5,3.5,4.5
0.283806343906511,3.5,2.5,1.5,0.5,0,1.5,2.5,3.5,4.5
0.287979966611018,3.5,2.5,1.5,0.5,0,1.5,2.5,3.5,4.5
0.292153589315526,3.5,2.5,1.5,0.5,0,1.5,2.5,3.5,4.5
0.296327212020033,3.5,2.5,1.5,0.5,0,1.5,2.5,3.5,4.5
0.300500834724541,3.5,2.5,1.5,0.5,0,1.5,2.5,3.5,4.5
0.304674457429048,3.5,2.5,1.5,0.5,0,1.5,2.5,3.5,4.5
0.308848080133556,3.5,2.5,1.5,0.5,0,1.5,2.5,3.5,4.5
0.313021702838063,3.5,2.5,1.5,0.5,0,1.5,2.5,3.5,4.5
0.317195325542571,3.5,2.5,1.5,0.5,0,1.5,2.5,3.5,4.5
0.321368948247078,3.5,2.5,1.5,0.5,0,1.5,2.5,3.5,4.5
0.325542570951586,3.5,2.5,1.5,0.5,0,1.5,2.5,3.5,4.5
0.329716193656094,3.5,2.5,1.5,0.5,0,1.5,2.5,3.5,4.5
0.333889816360601,3.5,2.5,1.5,0.5,0,1.5,2.5,3.5,4.5
0.338063439065108,3.5,2.5,1.5,0.5,0,1.5,2.5,3.5,4.5
0.342237061769616,3.5,2.5,1.5,0.5,0,1.5,2.5,3.5,4.5
0.346410684474124,3.5,2.5,1.5,0.5,0,1.5,2.5,3.5,4.5
0.350584307178631,3.5,2.5,1.5,0.5,0,1.5,2.5,3.5,4.5
0.354757929883139,3.5,2.5,1.5,0.5,0,1.5,2.5,3.5,4.5
0.358931552587646,3.5,2.5,1.5,0.5,0,1.5,2.5,3.5,4.5
0.363105175292154,3.5,2.5,1.5,0.5,0,1.5,2.5,3.5,4.5
0.367278797996661,3.5,2.5,1.5,0.5,0,1.5,2.5,3.5,4.5
0.371452420701169,3.5,2.5,1.5,0.5,0,1.5,2.5,3.5,4.5
0.375626043405676,3.5,2.5,1.5,0.5,0,1.5,2.5,3.5,4.5
0.379799666110184,3.5,2.5,1.5,0.5,0,1.5,2.5,3.5,4.5
0.383973288814691,3.5,2.5,1.5,0.5,0,1.5,2.5,3.5,4.5
0.388146911519199,3.5,2.5,1.5,0.5,0,1.5,2.5,3.5,4.5
0.392320534223706,3.5,2.5,1.5,0.5,0,1.5,2.5,3.5,4.5
0.396494156928214,3.5,2.5,1.5,0.5,0,1.5,2.5,3.5,4.5
0.400667779632721,3.5,2.5,1.5,0.5,0,1.5,2.5,3.5,4.5
0.404841402337229,3.5,2.5,1.5,0.5,0,1.5,2.5,3.5,4.5
0.409015025041736,3.5,2.5,1.5,0.5,0,1.5,2.5,3.5,4.5
0.413188647746244,3.5,2.5,1.5,0.5,0,1.5,2.5,3.5,4.5
0.417362270450751,3.5,2.5,1.5,0.5,0,1.5,2.5,3.5,4.5
0.421535893155259,3.5,2.5,1.5,0.5,0,1.5,2.5,3.5,4.5
0.425709515859766,3.5,2.5,1.5,0.5,0,1.5,2.5,3.5,4.5
0.429883138564274,3.5,2.5,1.5,0.5,0,1.5,2.5,3.5,4.5
0.434056761268781,3.5,2.5,1.5,0.5,0,1.5,2.5,3.5,4.5
0.438230383973289,3.5,2.5,1.5,0.5,0,1.5,2.5,3.5,4.5
0.442404006677796,3.5,2.5,1.5,0.5,0,1.5,2.5,3.5,4.5
0.446577629382304,3.5,2.5,1.5,0.5,0,1.5,2.5,3.5,4.5
0.450751252086811,3.5,2.5,1.5,0.5,0,1.5,2.5,3.5,4.5
0.454924874791319,3.5,2.5,1.5,0.5,0,1.5,2.5,3.5,4.5
0.459098497495826,3.5,2.5,1.5,0.5,0,1.5,2.5,3.5,4.5
0.463272120200334,3.5,2.5,1.5,0.5,0,1.5,2.5,3.5,4.5
0.467445742904841,3.5,2.5,1.5,0.5,0,1.5,2.5,3.5,4.5
0.471619365609349,3.5,2.5,1.5,0.5,0,1.5,2.5,3.5,4.5
0.475792988313856,3.5,2.5,1.5,0.5,0,1.5,2.5,3.5,4.5
0.479966611018364,3.5,2.5,1.5,0.5,0,1.5,2.5,3.5,4.5
0.484140233722871,3.5,2.5,1.5,0.5,0,1.5,2.5,3.5,4.5
0.488313856427379,3.5,2.5,1.5,0.5,0,1.5,2.5,3.5,4.5
0.492487479131886,3.5,2.5,1.5,0.5,0,1.5,2.5,3.5,4.5
0.496661101836394,3.5,2.5,1.5,0.5,0,1.5,2.5,3.5,4.5
0.500834724540901,3.5,2.5,1.5,0.5,0,1.5,2.5,3.5,4.5
0.505008347245409,3.5,2.5,1.5,0.5,0,1.5,2.5,3.5,4.5
0.509181969949916,3.5,2.5,1.5,0.5,0,1.5,2.5,3.5,4.5
0.513355592654424,3.5,2.5,1.5,0.5,0,1.5,2.5,3.5,4.5
0.517529215358932,3.5,2.5,1.5,0.5,0,1.5,2.5,3.5,4.5
0.521702838063439,3.5,2.5,1.5,0.5,0,1.5,2.5,3.5,4.5
0.525876460767947,3.5,2.5,1.5,0.5,0,1.5,2.5,3.5,4.5
0.530050083472454,3.5,2.5,1.5,0.5,0,1.5,2.5,3.5,4.5
0.534223706176962,3.5,2.5,1.5,0.5,0,1.5,2.5,3.5,4.5
0.538397328881469,3.5,2.5,1.5,0.5,0,1.5,2.5,3.5,4.5
0.542570951585977,3.5,2.5,1.5,0.5,0,1.5,2.5,3.5,4.5
0.546744574290484,3.5,2.5,1.5,0.5,0,1.5,2.5,3.5,4.5
0.550918196994992,3.5,2.5,1.5,0.5,0,1.5,2.5,3.5,4.5
0.555091819699499,3.5,2.5,1.5,0.5,0,1.5,2.5,3.5,4.5
0.559265442404007,3.5,2.5,1.5,0.5,0,1.5,2.5,3.5,4.5
0.563439065108514,3.5,2.5,1.5,0.5,0,1.5,2.5,3.5,4.5
0.567612687813022,3.5,2.5,1.5,0.5,0,1.5,2.5,3.5,4.5
0.571786310517529,3.5,2.5,1.5,0.5,0,1.5,2.5,3.5,4.5
0.575959933222037,3.5,2.5,1.5,0.5,0,1.5,2.5,3.5,4.5
0.580133555926544,3.5,2.5,1.5,0.5,0,1.5,2.5,3.5,4.5
0.584307178631052,3.5,2.5,1.5,0.5,0,1.5,2.5,3.5,4.5
0.588480801335559,3.5,2.5,1.5,0.5,0,1.5,2.5,3.5,4.5
0.592654424040067,3.5,2.5,1.5,0.5,0,1.5,2.5,3.5,4.5
0.596828046744574,3.5,2.5,1.5,0.5,0,1.5,2.5,3.5,4.5
0.601001669449082,3.5,2.5,1.5,0.5,0,1.5,2.5,3.5,4.5
0.605175292153589,3.5,2.5,1.5,0.5,0,1.5,2.5,3.5,4.5
0.609348914858097,3.5,2.5,1.5,0.5,0,1.5,2.5,3.5,4.5
0.613522537562604,3.5,2.5,1.5,0.5,0,1.5,2.5,3.5,4.5
0.617696160267112,3.5,2.5,1.5,0.5,0,1.5,2.5,3.5,4.5
0.621869782971619,3.5,2.5,1.5,0.5,0,1.5,2.5,3.5,4.5
0.626043405676127,3.5,2.5,1.5,0.5,0,1.5,2.5,3.5,4.5
0.630217028380634,3.5,2.5,1.5,0.5,0,1.5,2.5,3.5,4.5
0.634390651085142,3.5,2.5,1.5,0.5,0,1.5,2.5,3.5,4.5
0.638564273789649,3.5,2.5,1.5,0.5,0,1.5,2.5,3.5,4.5
0.642737896494157,3.5,2.5,1.5,0.5,0,1.5,2.5,3.5,4.5
0.646911519198664,3.5,2.5,1.5,0.5,0,1.5,2.5,3.5,4.5
0.651085141903172,3.5,2.5,1.5,0.5,0,1.5,2.5,3.5,4.5
0.65525876460768,3.5,2.5,1.5,0.5,0,1.5,2.5,3.5,4.5
0.659432387312187,3.5,2.5,1.5,0.5,0,1.5,2.5,3.5,4.5
0.663606010016695,3.5,2.5,1.5,0.5,0,1.5,2.5,3.5,4.5
0.667779632721202,3.5,2.5,1.5,0.5,0,1.5,2.5,3.5,4.5
0.671953255425709,3.5,2.5,1.5,0.5,0,1.5,2.5,3.5,4.5
0.676126878130217,3.5,2.5,1.5,0.5,0,1.5,2.5,3.5,4.5
0.680300500834724,3.5,2.5,1.5,0.5,0,1.5,2.5,3.5,4.5
0.684474123539232,3.5,2.5,1.5,0.5,0,1.5,2.5,3.5,4.5
0.68864774624374,3.5,2.5,1.5,0.5,0,1.5,2.5,3.5,4.5
0.692821368948247,3.5,2.5,1.5,0.5,0,1.5,2.5,3.5,4.5
0.696994991652755,3.5,2.5,1.5,0.5,0,1.5,2.5,3.5,4.5
0.701168614357262,3.5,2.5,1.5,0.5,0,1.5,2.5,3.5,4.5
0.70534223706177,3.5,2.5,1.5,0.5,0,1.5,2.5,3.5,4.5
0.709515859766277,3.5,2.5,1.5,0.5,0,1.5,2.5,3.5,4.5
0.713689482470785,3.5,2.5,1.5,0.5,0,1.5,2.5,3.5,4.5
0.717863105175292,3.5,2.5,1.5,0.5,0,1.5,2.5,3.5,4.5
0.7220367278798,3.5,2.5,1.5,0.5,0,1.5,2.5,3.5,4.5
0.726210350584307,3.5,2.5,1.5,0.5,0,1.5,2.5,3.5,4.5
0.730383973288815,3.5,2.5,1.5,0.5,0,1.5,2.5,3.5,4.5
0.734557595993322,3.5,2.5,1.5,0.5,0,1.5,2.5,3.5,4.5
0.73873121869783,3.5,2.5,1.5,0.5,0,1.5,2.5,3.5,4.5
0.742904841402337,3.5,2.5,1.5,0.5,0,1.5,2.5,3.5,4.5
0.747078464106845,3.5,2.5,1.5,0.5,0,1.5,2.5,3.5,4.5
0.751252086811352,3.5,2.5,1.5,0.5,0,1.5,2.5,3.5,4.5
0.75542570951586,3.5,2.5,1.5,0.5,0,1.5,2.5,3.5,4.5
0.759599332220367,3.5,2.5,1.5,0.5,0,1.5,2.5,3.5,4.5
0.763772954924875,3.5,2.5,1.5,0.5,0,1.5,2.5,3.5,4.5
0.767946577629382,3.5,2.5,1.5,0.5,0,1.5,2.5,3.5,4.5
0.77212020033389,3.5,2.5,1.5,0.5,0,1.5,2.5,3.5,4.5
0.776293823038397,3.5,2.5,1.5,0.5,0,1.5,2.5,3.5,4.5
0.780467445742905,3.5,2.5,1.5,0.5,0,1.5,2.5,3.5,4.5
0.784641068447412,3.5,2.5,1.5,0.5,0,1.5,2.5,3.5,4.5
0.78881469115192,3.5,2.5,1.5,0.5,0,1.5,2.5,3.5,4.5
0.792988313856427,3.5,2.5,1.5,0.5,0,1.5,2.5,3.5,4.5
0.797161936560935,3.5,2.5,1.5,0.5,0,1.5,2.5,3.5,4.5
0.801335559265442,3.5,2.5,1.5,0.5,0,1.5,2.5,3.5,4.5
0.80550918196995,3.5,2.5,1.5,0.5,0,1.5,2.5,3.5,4.5
0.809682804674457,3.5,2.5,1.5,0.5,0,1.5,2.5,3.5,4.5
0.813856427378965,3.5,2.5,1.5,0.5,0,1.5,2.5,3.5,4.5
0.818030050083472,3.5,2.5,1.5,0.5,0,1.5,2.5,3.5,4.5
0.82220367278798,3.5,2.5,1.5,0.5,0,1.5,2.5,3.5,4.5
0.826377295492488,3.5,2.5,1.5,0.5,0,1.5,2.5,3.5,4.5
0.830550918196995,3.5,2.5,1.5,0.5,0,1.5,2.5,3.5,4.5
0.834724540901502,3.5,2.5,1.5,0.5,0,1.5,2.5,3.5,4.5
0.83889816360601,3.5,2.5,1.5,0.5,0,1.5,2.5,3.5,4.5
0.843071786310517,3.5,2.5,1.5,0.5,0,1.5,2.5,3.5,4.5
0.847245409015025,3.5,2.5,1.5,0.5,0,1.5,2.5,3.5,4.5
0.851419031719533,3.5,2.5,1.5,0.5,0,1.5,2.5,3.5,4.5
0.85559265442404,3.5,2.5,1.5,0.5,0,1.5,2.5,3.5,4.5
0.859766277128548,3.5,2.5,1.5,0.5,0,1.5,2.5,3.5,4.5
0.863939899833055,3.5,2.5,1.5,0.5,0,1.5,2.5,3.5,4.5
0.868113522537563,3.5,2.5,1.5,0.5,0,1.5,2.5,3.5,4.5
0.87228714524207,3.5,2.5,1.5,0.5,0,1.5,2.5,3.5,4.5
0.876460767946578,3.5,2.5,1.5,0.5,0,1.5,2.5,3.5,4.5
0.880634390651085,3.5,2.5,1.5,0.5,0,1.5,2.5,3.5,4.5
0.884808013355593,3.5,2.5,1.5,0.5,0,1.5,2.5,3.5,4.5
0.8889816360601,3.5,2.5,1.5,0.5,0,1.5,2.5,3.5,4.5
0.893155258764608,3.5,2.5,1.5,0.5,0,1.5,2.5,3.5,4.5
0.897328881469115,3.5,2.5,1.5,0.5,0,1.5,2.5,3.5,4.5
0.901502504173623,3.5,2.5,1.5,0.5,0,1.5,2.5,3.5,4.5
0.90567612687813,3.5,2.5,1.5,0.5,0,1.5,2.5,3.5,4.5
0.909849749582638,3.5,2.5,1.5,0.5,0,1.5,2.5,3.5,4.5
0.914023372287145,3.5,2.5,1.5,0.5,0,1.5,2.5,3.5,4.5
0.918196994991653,3.5,2.5,1.5,0.5,0,1.5,2.5,3.5,4.5
0.92237061769616,3.5,2.5,1.5,0.5,0,1.5,2.5,3.5,4.5
0.926544240400668,3.5,2.5,1.5,0.5,0,1.5,2.5,3.5,4.5
0.930717863105175,3.5,2.5,1.5,0.5,0,1.5,2.5,3.5,4.5
0.934891485809683,3.5,2.5,1.5,0.5,0,1.5,2.5,3.5,4.5
0.93906510851419,3.5,2.5,1.5,0.5,0,1.5,2.5,3.5,4.5
0.943238731218698,3.5,2.5,1.5,0.5,0,1.5,2.5,3.5,4.5
0.947412353923205,3.5,2.5,1.5,0.5,0,1.5,2.5,3.5,4.5
0.951585976627713,3.5,2.5,1.5,0.5,0,1.5,2.5,3.5,4.5
0.95575959933222,3.5,2.5,1.5,0.5,0,1.5,2.5,3.5,4.5
0.959933222036728,3.50812747823417,2.50812747823417,1.50812747823417,0.508127478234174,0,1.49187252176583,2.49187252176583,3.49187252176583,4.49187252176583
0.964106844741235,3.57075489766568,2.57075489766568,1.57075489766568,0.570754897665675,0,1.42924510233432,2.42924510233432,3.42924510233432,4.42924510233432
0.968280467445743,3.60132790494872,2.60132790494872,1.60132790494872,0.60132790494872,0,1.39867209505128,2.39867209505128,3.39867209505128,4.39867209505128
0.97245409015025,3.62603423315554,2.62603423315554,1.62603423315554,0.62603423315554,0,1.37396576684446,2.37396576684446,3.37396576684446,4.37396576684446
0.976627712854758,3.64798701418928,2.64798701418928,1.64798701418928,0.647987014189277,0,1.35201298581072,2.35201298581072,3.35201298581072,4.35201298581072
0.980801335559265,3.66841814471752,2.66841814471752,1.66841814471752,0.668418144717518,0,1.33158185528248,2.33158185528248,3.33158185528248,4.33158185528248
0.984974958263773,3.68798731578961,2.68798731578961,1.68798731578961,0.687987315789614,0,1.31201268421039,2.31201268421039,3.31201268421039,4.31201268421039
0.989148580968281,3.70713272599919,2.70713272599919,1.70713272599919,0.70713272599919,0,1.29286727400081,2.29286727400081,3.29286727400081,4.29286727400081
0.993322203672788,3.72617829585483,2.72617829585483,1.72617829585483,0.726178295854828,0,1.27382170414517,2.27382170414517,3.27382170414517,4.27382170414517
0.997495826377296,3.74541198458167,2.74541198458167,1.74541198458167,0.745411984581668,0,1.25458801541833,2.25458801541833,3.25458801541833,4.25458801541833
1.0016694490818,3.76512838614061,2.76512838614061,1.76512838614061,0.765128386140609,0,1.23487161385939,2.23487161385939,3.23487161385939,4.23487161385939
1.00584307178631,3.78561372951297,2.78561372951297,1.78561372951297,0.78561372951297,0,1.21438627048703,2.21438627048703,3.21438627048703,4.21438627048703
1.01001669449082,3.80726743439245,2.80726743439245,1.80726743439245,0.807267434392451,0,1.19273256560755,2.19273256560755,3.19273256560755,4.19273256560755
1.01419031719533,3.83074977217057,2.83074977217057,1.83074977217057,0.830749772170565,0,1.16925022782943,2.16925022782943,3.16925022782943,4.16925022782944
1.01836393989983,3.85710202293124,2.85710202293124,1.85710202293124,0.85710202293124,0,1.14289797706876,2.14289797706876,3.14289797706876,4.14289797706876
1.02253756260434,3.88851474524713,2.88851474524713,1.88851474524713,0.888514745247131,0,1.11148525475287,2.11148525475287,3.11148525475287,4.11148525475287
1.02671118530885,3.93185726202791,2.93185726202791,1.93185726202791,0.931857262027907,0,1.06814273797209,2.06814273797209,3.06814273797209,4.06814273797209
1.03088480801336,4,3,2,1,0,1,2,3,4
1.03505843071786,4,3,2,1,0,1,2,3,4
1.03923205342237,4,3,2,1,0,1,2,3,4
1.04340567612688,4,3,2,1,0,1,2,3,4
1.04757929883139,4,3,2,1,0,1,2,3,4
1.05175292153589,4,3,2,1,0,1,2,3,4
1.0559265442404,4,3,2,1,0,1,2,3,4
1.06010016694491,4,3,2,1,0,1,2,3,4
1.06427378964942,4,3,2,1,0,1,2,3,4
1.06844741235392,4,3,2,1,0,1,2,3,4
1.07262103505843,4,3,2,1,0,1,2,3,4
1.07679465776294,4,3,2,1,0,1,2,3,4
1.08096828046745,4,3,2,1,0,1,2,3,4
1.08514190317195,4,3,2,1,0,1,2,3,4
1.08931552587646,4,3,2,1,0,1,2,3,4
1.09348914858097,4,3,2,1,0,1,2,3,4
1.09766277128548,4,3,2,1,0,1,2,3,4
1.10183639398998,4,3,2,1,0,1,2,3,4
1.10601001669449,4,3,2,1,0,1,2,3,4
1.110183639399,4,3,2,1,0,1,2,3,4
1.11435726210351,4,3,2,1,0,1,2,3,4
1.11853088480801,4,3,2,1,0,1,2,3,4
1.12270450751252,4,3,2,1,0,1,2,3,4
1.12687813021703,4,3,2,1,0,1,2,3,4
1.13105175292154,4,3,2,1,0,1,2,3,4
1.13522537562604,4,3,2,1,0,1,2,3,4
1.13939899833055,4,3,2,1,0,1,2,3,4
1.14357262103506,4,3,2,1,0,1,2,3,4
1.14774624373957,4,3,2,1,0,1,2,3,4
1.15191986644407,4,3,2,1,0,1,2,3,4
1.15609348914858,4,3,2,1,0,1,2,3,4
1.16026711185309,4,3,2,1,0,1,2,3,4
1.1644407345576,4,3,2,1,0,1,2,3,4
1.1686143572621,4,3,2,1,0,1,2,3,4
1.17278797996661,4,3,2,1,0,1,2,3,4
1.17696160267112,4,3,2,1,0,1,2,3,4
1.18113522537563,4,3,2,1,0,1,2,3,4
1.18530884808013,4,3,2,1,0,1,2,3,4
1.18948247078464,4,3,2,1,0,1,2,3,4
1.19365609348915,4,3,2,1,0,1,2,3,4
1.19782971619366,4,3,2,1,0,1,2,3,4
1.20200333889816,4,3,2,1,0,1,2,3,4
1.20617696160267,4,3,2,1,0,1,2,3,4
1.21035058430718,4,3,2,1,0,1,2,3,4
1.21452420701169,4,3,2,1,0,1,2,3,4
1.21869782971619,4,3,2,1,0,1,2,3,4
1.2228714524207,4,3,2,1,0,1,2,3,4
1.22704507512521,4,3,2,1,0,1,2,3,4
1.23121869782972,4,3,2,1,0,1,2,3,4
1.23539232053422,4,3,2,1,0,1,2,3,4
1.23956594323873,4,3,2,1,0,1,2,3,4
1.24373956594324,4,3,2,1,0,1,2,3,4
1.24791318864775,4,3,2,1,0,1,2,3,4
1.25208681135225,4,3,2,1,0,1,2,3,4
1.25626043405676,4,3,2,1,0,1,2,3,4
1.26043405676127,4,3,2,1,0,1,2,3,4
1.26460767946578,4,3,2,1,0,1,2,3,4
1.26878130217028,4,3,2,1,0,1,2,3,4
1.27295492487479,4,3,2,1,0,1,2,3,4
1.2771285475793,4,3,2,1,0,1,2,3,4
1.28130217028381,4,3,2,1,0,1,2,3,4
1.28547579298831,4,3,2,1,0,1,2,3,4
1.28964941569282,4,3,2,1,0,1,2,3,4
1.29382303839733,4,3,2,1,0,1,2,3,4
1.29799666110184,4,3,2,1,0,1,2,3,4
1.30217028380634,4,3,2,1,0,1,2,3,4
1.30634390651085,4,3,2,1,0,1,2,3,4
1.31051752921536,4,3,2,1,0,1,2,3,4
1.31469115191987,4,3,2,1,0,1,2,3,4
1.31886477462437,4,3,2,1,0,1,2,3,4
1.32303839732888,4,3,2,1,0,1,2,3,4
1.32721202003339,4,3,2,1,0,1,2,3,4
1.3313856427379,4,3,2,1,0,1,2,3,4
1.3355592654424,4,3,2,1,0,1,2,3,4
1.33973288814691,4,3,2,1,0,1,2,3,4
1.34390651085142,4,3,2,1,0,1,2,3,4
1.34808013355593,4,3,2,1,0,1,2,3,4
1.35225375626043,4,3,2,1,0,1,2,3,4
1.35642737896494,4,3,2,1,0,1,2,3,4
1.36060100166945,4,3,2,1,0,1,2,3,4
1.36477462437396,4,3,2,1,0,1,2,3,4
1.36894824707846,4,3,2,1,0,1,2,3,4
1.37312186978297,4,3,2,1,0,1,2,3,4
1.37729549248748,4,3,2,1,0,1,2,3,4
1.38146911519199,4,3,2,1,0,1,2,3,4
1.38564273789649,4,3,2,1,0,1,2,3,4
1.389816360601,4,3,2,1,0,1,2,3,4
1.39398998330551,4,3,2,1,0,1,2,3,4
1.39816360601002,4,3,2,1,0,1,2,3,4
1.40233722871452,4,3,2,1,0,1,2,3,4
1.40651085141903,4,3,2,1,0,1,2,3,4
1.41068447412354,4,3,2,1,0,1,2,3,4
1.41485809682805,4,3,2,1,0,1,2,3,4
1.41903171953255,4,3,2,1,0,1,2,3,4
1.42320534223706,4,3,2,1,0,1,2,3,4
1.42737896494157,4,3,2,1,0,1,2,3,4
1.43155258764608,4,3,2,1,0,1,2,3,4
1.43572621035058,4,3,2,1,0,1,2,3,4
1.43989983305509,4,3,2,1,0,1,2,3,4
1.4440734557596,4,3,2,1,0,1,2,3,4
1.44824707846411,4,3,2,1,0,1,2,3,4
1.45242070116861,4,3,2,1,0,1,2,3,4
1.45659432387312,4,3,2,1,0,1,2,3,4
1.46076794657763,4,3,2,1,0,1,2,3,4
1.46494156928214,4,3,2,1,0,1,2,3,4
1.46911519198664,4,3,2,1,0,1,2,3,4
1.47328881469115,4,3,2,1,0,1,2,3,4
1.47746243739566,4,3,2,1,0,1,2,3,4
1.48163606010017,4,3,2,1,0,1,2,3,4
1.48580968280467,4,3,2,1,0,1,2,3,4
1.48998330550918,4,3,2,1,0,1,2,3,4
1.49415692821369,4,3,2,1,0,1,2,3,4
1.4983305509182,4,3,2,1,0,1,2,3,4
1.5025041736227,4,3,2,1,0,1,2,3,4
1.50667779632721,4,3,2,1,0,1,2,3,4
1.51085141903172,4,3,2,1,0,1,2,3,4
1.51502504173623,4,3,2,1,0,1,2,3,4
1.51919866444073,4,3,2,1,0,1,2,3,4
1.52337228714524,4,3,2,1,0,1,2,3,4
1.52754590984975,4,3,2,1,0,1,2,3,4
1.53171953255426,4,3,2,1,0,1,2,3,4
1.53589315525876,4,3,2,1,0,1,2,3,4
1.54006677796327,4,3,2,1,0,1,2,3,4
1.54424040066778,4,3,2,1,0,1,2,3,4
1.54841402337229,4,3,2,1,0,1,2,3,4
1.55258764607679,4,3,2,1,0,1,2,3,4
1.5567612687813,4,3,2,1,0,1,2,3,4
1.56093489148581,4,3,2,1,0,1,2,3,4
1.56510851419032,4,3,2,1,0,1,2,3,4
1.56928213689482,4,3,2,1,0,1,2,3,4
1.57345575959933,4,3,2,1,0,1,2,3,4
1.57762938230384,4,3,2,1,0,1,2,3,4
1.58180300500835,4,3,2,1,0,1,2,3,4
1.58597662771285,4,3,2,1,0,1,2,3,4
1.59015025041736,4,3,2,1,0,1,2,3,4
1.59432387312187,4,3,2,1,0,1,2,3,4
1.59849749582638,4,3,2,1,0,1,2,3,4
1.60267111853088,4,3,2,1,0,1,2,3,4
1.60684474123539,4,3,2,1,0,1,2,3,4
1.6110183639399,4,3,2,1,0,1,2,3,4
1.61519198664441,4,3,2,1,0,1,2,3,4
1.61936560934891,4,3,2,1,0,1,2,3,4
1.62353923205342,4,3,2,1,0,1,2,3,4
1.62771285475793,4,3,2,1,0,1,2,3,4
1.63188647746244,4,3,2,1,0,1,2,3,4
1.63606010016694,4,3,2,1,0,1,2,3,4
1.64023372287145,4,3,2,1,0,1,2,3,4
1.64440734557596,4,3,2,1,0,1,2,3,4
1.64858096828047,4,3,2,1,0,1,2,3,4
1.65275459098498,4,3,2,1,0,1,2,3,4
1.65692821368948,4,3,2,1,0,1,2,3,4
1.66110183639399,4,3,2,1,0,1,2,3,4
1.6652754590985,4,3,2,1,0,1,2,3,4
1.669449081803,4,3,2,1,0,1,2,3,4
1.67362270450751,4,3,2,1,0,1,2,3,4
1.67779632721202,4,3,2,1,0,1,2,3,4
1.68196994991653,4,3,2,1,0,1,2,3,4
1.68614357262103,4,3,2,1,0,1,2,3,4
1.69031719532554,4,3,2,1,0,1,2,3,4
1.69449081803005,4,3,2,1,0,1,2,3,4
1.69866444073456,4,3,2,1,0,1,2,3,4
1.70283806343907,4,3,2,1,0,1,2,3,4
1.70701168614357,4,3,2,1,0,1,2,3,4
1.71118530884808,4,3,2,1,0,1,2,3,4
1.71535893155259,4,3,2,1,0,1,2,3,4
1.7195325542571,4,3,2,1,0,1,2,3,4
1.7237061769616,4,3,2,1,0,1,2,3,4
1.72787979966611,4,3,2,1,0,1,2,3,4
1.73205342237062,4,3,2,1,0,1,2,3,4
1.73622704507513,4,3,2,1,0,1,2,3,4
1.74040066777963,4,3,2,1,0,1,2,3,4
1.74457429048414,4,3,2,1,0,1,2,3,4
1.74874791318865,4,3,2,1,0,1,2,3,4
1.75292153589316,4,3,2,1,0,1,2,3,4
1.75709515859766,4,3,2,1,0,1,2,3,4
1.76126878130217,4,3,2,1,0,1,2,3,4
1.76544240400668,4,3,2,1,0,1,2,3,4
1.76961602671119,4,3,2,1,0,1,2,3,4
1.77378964941569,4,3,2,1,0,1,2,3,4
1.7779632721202,4,3,2,1,0,1,2,3,4
1.78213689482471,4,3,2,1,0,1,2,3,4
1.78631051752922,4,3,2,1,0,1,2,3,4
1.79048414023372,4,3,2,1,0,1,2,3,4
1.79465776293823,4,3,2,1,0,1,2,3,4
1.79883138564274,4,3,2,1,0,1,2,3,4
1.80300500834725,4,3,2,1,0,1,2,3,4
1.80717863105175,4,3,2,1,0,1,2,3,4
1.81135225375626,4,3,2,1,0,1,2,3,4
1.81552587646077,4,3,2,1,0,1,2,3,4
1.81969949916528,4,3,2,1,0,1,2,3,4
1.82387312186978,4,3,2,1,0,1,2,3,4
1.82804674457429,4,3,2,1,0,1,2,3,4
1.8322203672788,4,3,2,1,0,1,2,3,4
1.83639398998331,4,3,2,1,0,1,2,3,4
1.84056761268781,4,3,2,1,0,1,2,3,4
1.84474123539232,4,3,2,1,0,1,2,3,4
1.84891485809683,4,3,2,1,0,1,2,3,4
1.85308848080134,4,3,2,1,0,1,2,3,4
1.85726210350584,4,3,2,1,0,1,2,3,4
1.86143572621035,4,3,2,1,0,1,2,3,4
1.86560934891486,4,3,2,1,0,1,2,3,4
1.86978297161937,4,3,2,1,0,1,2,3,4
1.87395659432387,4,3,2,1,0,1,2,3,4
1.87813021702838,4,3,2,1,0,1,2,3,4
1.88230383973289,4,3,2,1,0,1,2,3,4
1.8864774624374,4,3,2,1,0,1,2,3,4
1.8906510851419,4,3,2,1,0,1,2,3,4
1.89482470784641,4,3,2,1,0,1,2,3,4
1.89899833055092,4,3,2,1,0,1,2,3,4
1.90317195325543,4,3,2,1,0,1,2,3,4
1.90734557595993,4,3,2,1,0,1,2,3,4
1.91151919866444,4,3,2,1,0,1,2,3,4
1.91569282136895,4,3,2,1,0,1,2,3,4
1.91986644407346,4,3,2,1,0,1,2,3,4
1.92404006677796,4,3,2,1,0,1,2,3,4
1.92821368948247,4,3,2,1,0,1,2,3,4
1.93238731218698,4,3,2,1,0,1,2,3,4
1.93656093489149,4,3,2,1,0,1,2,3,4
1.94073455759599,4,3,2,1,0,1,2,3,4
1.9449081803005,4,3,2,1,0,1,2,3,4
1.94908180300501,4,3,2,1,0,1,2,3,4
1.95325542570952,4,3,2,1,0,1,2,3,4
1.95742904841402,4,3,2,1,0,1,2,3,4
1.96160267111853,4,3,2,1,0,1,2,3,4
1.96577629382304,4,3,2,1,0,1,2,3,4
1.96994991652755,4,3,2,1,0,1,2,3,4
1.97412353923205,4,3,2,1,0,1,2,3,4
1.97829716193656,4,3,2,1,0,1,2,3,4
1.98247078464107,4,3,2,1,0,1,2,3,4
1.98664440734558,4,3,2,1,0,1,2,3,4
1.99081803005008,4,3,2,1,0,1,2,3,4
1.99499165275459,4,3,2,1,0,1,2,3,4
1.9991652754591,4,3,2,1,0,1,2,3,4
2.00333889816361,4,3,2,1,0,1,2,3,4
2.00751252086811,4,3,2,1,0,1,2,3,4
2.01168614357262,4,3,2,1,0,1,2,3,4
2.01585976627713,4,3,2,1,0,1,2,3,4
2.02003338898164,4,3,2,1,0,1,2,3,4
2.02420701168614,4,3,2,1,0,1,2,3,4
2.02838063439065,4,3,2,1,0,1,2,3,4
2.03255425709516,4,3,2,1,0,1,2,3,4
2.03672787979967,4,3,2,1,0,1,2,3,4
2.04090150250417,4,3,2,1,0,1,2,3,4
2.04507512520868,4,3,2,1,0,1,2,3,4
2.04924874791319,4,3,2,1,0,1,2,3,4
2.0534223706177,4,3,2,1,0,1,2,3,4
2.0575959933222,4,3,2,1,0,1,2,3,4
2.06176961602671,4,3,2,1,0,1,2,3,4
2.06594323873122,4,3,2,1,0,1,2,3,4
2.07011686143573,4,3,2,1,0,1,2,3,4
2.07429048414023,4,3,2,1,0,1,2,3,4
2.07846410684474,4,3,2,1,0,1,2,3,4
2.08263772954925,4,3,2,1,0,1,2,3,4
2.08681135225376,4,3,2,1,0,1,2,3,4
2.09098497495826,4,3,2,1,0,1,2,3,4
2.09515859766277,4,3,2,1,0,1,2,3,4
2.09933222036728,4,3,2,1,0,1,2,3,4
2.10350584307179,4,3,2,1,0,1,2,3,4
2.10767946577629,4,3,2,1,0,1,2,3,4
2.1118530884808,4,3,2,1,0,1,2,3,4
2.11602671118531,4,3,2,1,0,1,2,3,4
2.12020033388982,4,3,2,1,0,1,2,3,4
2.12437395659432,4,3,2,1,0,1,2,3,4
2.12854757929883,4,3,2,1,0,1,2,3,4
2.13272120200334,4,3,2,1,0,1,2,3,4
2.13689482470785,4,3,2,1,0,1,2,3,4
2.14106844741235,4,3,2,1,0,1,2,3,4
2.14524207011686,4,3,2,1,0,1,2,3,4
2.14941569282137,4,3,2,1,0,1,2,3,4
2.15358931552588,4,3,2,1,0,1,2,3,4
2.15776293823038,4,3,2,1,0,1,2,3,4
2.16193656093489,4,3,2,1,0,1,2,3,4
2.1661101836394,4,3,2,1,0,1,2,3,4
2.17028380634391,4,3,2,1,0,1,2,3,4
2.17445742904841,4,3,2,1,0,1,2,3,4
2.17863105175292,4,3,2,1,0,1,2,3,4
2.18280467445743,4,3,2,1,0,1,2,3,4
2.18697829716194,4,3,2,1,0,1,2,3,4
2.19115191986644,4,3,2,1,0,1,2,3,4
2.19532554257095,4,3,2,1,0,1,2,3,4
2.19949916527546,4,3,2,1,0,1,2,3,4
2.20367278797997,4,3,2,1,0,1,2,3,4
2.20784641068447,4,3,2,1,0,1,2,3,4
2.21202003338898,4,3,2,1,0,1,2,3,4
2.21619365609349,4,3,2,1,0,1,2,3,4
2.220367278798,4,3,2,1,0,1,2,3,4
2.2245409015025,4,3,2,1,0,1,2,3,4
2.22871452420701,4,3,2,1,0,1,2,3,4
2.23288814691152,4,3,2,1,0,1,2,3,4
2.23706176961603,4,3,2,1,0,1,2,3,4
2.24123539232053,4,3,2,1,0,1,2,3,4
2.24540901502504,4,3,2,1,0,1,2,3,4
2.24958263772955,4,3,2,1,0,1,2,3,4
2.25375626043406,4,3,2,1,0,1,2,3,4
2.25792988313856,4,3,2,1,0,1,2,3,4
2.26210350584307,4,3,2,1,0,1,2,3,4
2.26627712854758,4,3,2,1,0,1,2,3,4
2.27045075125209,4,3,2,1,0,1,2,3,4
2.27462437395659,4,3,2,1,0,1,2,3,4
2.2787979966611,4,3,2,1,0,1,2,3,4
2.28297161936561,4,3,2,1,0,1,2,3,4
2.28714524207012,4,3,2,1,0,1,2,3,4
2.29131886477462,4,3,2,1,0,1,2,3,4
2.29549248747913,4,3,2,1,0,1,2,3,4
2.29966611018364,4,3,2,1,0,1,2,3,4
2.30383973288815,4,3,2,1,0,1,2,3,4
2.30801335559265,4,3,2,1,0,1,2,3,4
2.31218697829716,4,3,2,1,0,1,2,3,4
2.31636060100167,4,3,2,1,0,1,2,3,4
2.32053422370618,4,3,2,1,0,1,2,3,4
2.32470784641068,4,3,2,1,0,1,2,3,4
2.32888146911519,4,3,2,1,0,1,2,3,4
2.3330550918197,4,3,2,1,0,1,2,3,4
2.33722871452421,4,3,2,1,0,1,2,3,4
2.34140233722871,4,3,2,1,0,1,2,3,4
2.34557595993322,4,3,2,1,0,1,2,3,4
2.34974958263773,4,3,2,1,0,1,2,3,4
2.35392320534224,4,3,2,1,0,1,2,3,4
2.35809682804674,4,3,2,1,0,1,2,3,4
2.36227045075125,4,3,2,1,0,1,2,3,4
2.36644407345576,4,3,2,1,0,1,2,3,4
2.37061769616027,4,3,2,1,0,1,2,3,4
2.37479131886477,4,3,2,1,0,1,2,3,4
2.37896494156928,4,3,2,1,0,1,2,3,4
2.38313856427379,4,3,2,1,0,1,2,3,4
2.3873121869783,4,3,2,1,0,1,2,3,4
2.3914858096828,4,3,2,1,0,1,2,3,4
2.39565943238731,4,3,2,1,0,1,2,3,4
2.39983305509182,4,3,2,1,0,1,2,3,4
2.40400667779633,4,3,2,1,0,1,2,3,4
2.40818030050083,4,3,2,1,0,1,2,3,4
2.41235392320534,4,3,2,1,0,1,2,3,4
2.41652754590985,4,3,2,1,0,1,2,3,4
2.42070116861436,4,3,2,1,0,1,2,3,4
2.42487479131886,4,3,2,1,0,1,2,3,4
2.42904841402337,4,3,2,1,0,1,2,3,4
2.43322203672788,4,3,2,1,0,1,2,3,4
2.43739565943239,4,3,2,1,0,1,2,3,4
2.44156928213689,4,3,2,1,0,1,2,3,4
2.4457429048414,4,3,2,1,0,1,2,3,4
2.44991652754591,4,3,2,1,0,1,2,3,4
2.45409015025042,4,3,2,1,0,1,2,3,4
2.45826377295493,4,3,2,1,0,1,2,3,4
2.46243739565943,4,3,2,1,0,1,2,3,4
2.46661101836394,4,3,2,1,0,1,2,3,4
2.47078464106845,4,3,2,1,0,1,2,3,4
2.47495826377296,4,3,2,1,0,1,2,3,4
2.47913188647746,4,3,2,1,0,1,2,3,4
2.48330550918197,4,3,2,1,0,1,2,3,4
2.48747913188648,4,3,2,1,0,1,2,3,4
2.49165275459099,4,3,2,1,0,1,2,3,4
2.49582637729549,4,3,2,1,0,1,2,3,4
2.5,4,3,2,1,0,1,2,3,4
